date,rain1,totmaxh,meanmaxh,totminh,meanminh,aveh,highh,lowh,meanh,relhumh,den
1-1-2015,0,675.5,21.7903225806452,376.6,12.1483870967742,16.9693548387097,24.6,10.4,17.5,84,0
1-2-2015,0,675.5,21.7903225806452,376.6,12.1483870967742,16.9693548387097,24.6,10.4,17.5,84,0
1-3-2015,0,675.5,21.7903225806452,376.6,12.1483870967742,16.9693548387097,24.6,10.4,17.5,84,0
1-4-2015,0,675.5,21.7903225806452,376.6,12.1483870967742,16.9693548387097,24.6,10.4,17.5,84,0
1-5-2015,0,675.5,21.7903225806452,376.6,12.1483870967742,16.9693548387097,24.6,10.4,17.5,84,1
1-6-2015,0,675.5,21.7903225806452,376.6,12.1483870967742,16.9693548387097,24.6,10.4,17.5,84,0
1-7-2015,0,675.5,21.7903225806452,376.6,12.1483870967742,16.9693548387097,24.6,10.4,17.5,84,0
1-8-2015,0,675.5,21.7903225806452,376.6,12.1483870967742,16.9693548387097,24.6,10.4,17.5,84,0
1-9-2015,0,675.5,21.7903225806452,376.6,12.1483870967742,16.9693548387097,24.6,10.4,17.5,84,0
1-10-2015,0,675.5,21.7903225806452,376.6,12.1483870967742,16.9693548387097,24.6,10.4,17.5,84,0
1-11-2015,0,675.5,21.7903225806452,376.6,12.1483870967742,16.9693548387097,24.6,10.4,17.5,84,0
1-12-2015,0,675.5,21.7903225806452,376.6,12.1483870967742,16.9693548387097,24.6,10.4,17.5,84,0
1-13-2015,0,675.5,21.7903225806452,376.6,12.1483870967742,16.9693548387097,24.6,10.4,17.5,84,0
1-14-2015,0,675.5,21.7903225806452,376.6,12.1483870967742,16.9693548387097,24.6,10.4,17.5,84,0
1-15-2015,0,675.5,21.7903225806452,376.6,12.1483870967742,16.9693548387097,24.6,10.4,17.5,84,0
1-16-2015,0,675.5,21.7903225806452,376.6,12.1483870967742,16.9693548387097,24.6,10.4,17.5,84,0
1-17-2015,0,675.5,21.7903225806452,376.6,12.1483870967742,16.9693548387097,24.6,10.4,17.5,84,0
1-18-2015,9.6,675.5,21.7903225806452,376.6,12.1483870967742,16.9693548387097,24.6,10.4,17.5,84,0
1-19-2015,0.5,675.5,21.7903225806452,376.6,12.1483870967742,16.9693548387097,24.6,10.4,17.5,84,0
1-20-2015,0,675.5,21.7903225806452,376.6,12.1483870967742,16.9693548387097,24.6,10.4,17.5,84,0
1-21-2015,1.2,675.5,21.7903225806452,376.6,12.1483870967742,16.9693548387097,24.6,10.4,17.5,84,1
1-22-2015,0,675.5,21.7903225806452,376.6,12.1483870967742,16.9693548387097,24.6,10.4,17.5,84,0
1-23-2015,0,675.5,21.7903225806452,376.6,12.1483870967742,16.9693548387097,24.6,10.4,17.5,84,0
1-24-2015,0,675.5,21.7903225806452,376.6,12.1483870967742,16.9693548387097,24.6,10.4,17.5,84,0
1-25-2015,0,675.5,21.7903225806452,376.6,12.1483870967742,16.9693548387097,24.6,10.4,17.5,84,0
1-26-2015,0,675.5,21.7903225806452,376.6,12.1483870967742,16.9693548387097,24.6,10.4,17.5,84,0
1-27-2015,0,675.5,21.7903225806452,376.6,12.1483870967742,16.9693548387097,24.6,10.4,17.5,84,0
1-28-2015,0,675.5,21.7903225806452,376.6,12.1483870967742,16.9693548387097,24.6,10.4,17.5,84,0
1-29-2015,0,675.5,21.7903225806452,376.6,12.1483870967742,16.9693548387097,24.6,10.4,17.5,84,0
1-30-2015,0,675.5,21.7903225806452,376.6,12.1483870967742,16.9693548387097,24.6,10.4,17.5,84,0
1-31-2015,0,675.5,21.7903225806452,376.6,12.1483870967742,16.9693548387097,24.6,10.4,17.5,84,0
2-1-2015,0,619.2,22.1142857142857,364.9,13.0321428571429,17.5732142857143,26,9.8,17.9,83,0
2-2-2015,0,619.2,22.1142857142857,364.9,13.0321428571429,17.5732142857143,26,9.8,17.9,83,0
2-3-2015,0,619.2,22.1142857142857,364.9,13.0321428571429,17.5732142857143,26,9.8,17.9,83,0
2-4-2015,0,619.2,22.1142857142857,364.9,13.0321428571429,17.5732142857143,26,9.8,17.9,83,0
2-5-2015,0,619.2,22.1142857142857,364.9,13.0321428571429,17.5732142857143,26,9.8,17.9,83,0
2-6-2015,0,619.2,22.1142857142857,364.9,13.0321428571429,17.5732142857143,26,9.8,17.9,83,0
2-7-2015,0,619.2,22.1142857142857,364.9,13.0321428571429,17.5732142857143,26,9.8,17.9,83,0
2-8-2015,0,619.2,22.1142857142857,364.9,13.0321428571429,17.5732142857143,26,9.8,17.9,83,0
2-9-2015,0,619.2,22.1142857142857,364.9,13.0321428571429,17.5732142857143,26,9.8,17.9,83,0
2-10-2015,0,619.2,22.1142857142857,364.9,13.0321428571429,17.5732142857143,26,9.8,17.9,83,0
2-11-2015,0,619.2,22.1142857142857,364.9,13.0321428571429,17.5732142857143,26,9.8,17.9,83,0
2-12-2015,0,619.2,22.1142857142857,364.9,13.0321428571429,17.5732142857143,26,9.8,17.9,83,0
2-13-2015,0,619.2,22.1142857142857,364.9,13.0321428571429,17.5732142857143,26,9.8,17.9,83,0
2-14-2015,0,619.2,22.1142857142857,364.9,13.0321428571429,17.5732142857143,26,9.8,17.9,83,0
2-15-2015,7,619.2,22.1142857142857,364.9,13.0321428571429,17.5732142857143,26,9.8,17.9,83,0
2-16-2015,0,619.2,22.1142857142857,364.9,13.0321428571429,17.5732142857143,26,9.8,17.9,83,0
2-17-2015,0,619.2,22.1142857142857,364.9,13.0321428571429,17.5732142857143,26,9.8,17.9,83,0
2-18-2015,0,619.2,22.1142857142857,364.9,13.0321428571429,17.5732142857143,26,9.8,17.9,83,0
2-19-2015,0,619.2,22.1142857142857,364.9,13.0321428571429,17.5732142857143,26,9.8,17.9,83,0
2-20-2015,0.3,619.2,22.1142857142857,364.9,13.0321428571429,17.5732142857143,26,9.8,17.9,83,0
2-21-2015,0,619.2,22.1142857142857,364.9,13.0321428571429,17.5732142857143,26,9.8,17.9,83,0
2-22-2015,0,619.2,22.1142857142857,364.9,13.0321428571429,17.5732142857143,26,9.8,17.9,83,0
2-23-2015,0,619.2,22.1142857142857,364.9,13.0321428571429,17.5732142857143,26,9.8,17.9,83,0
2-24-2015,0,619.2,22.1142857142857,364.9,13.0321428571429,17.5732142857143,26,9.8,17.9,83,0
2-25-2015,0,619.2,22.1142857142857,364.9,13.0321428571429,17.5732142857143,26,9.8,17.9,83,0
2-26-2015,0,619.2,22.1142857142857,364.9,13.0321428571429,17.5732142857143,26,9.8,17.9,83,0
2-27-2015,0,619.2,22.1142857142857,364.9,13.0321428571429,17.5732142857143,26,9.8,17.9,83,0
2-28-2015,0,619.2,22.1142857142857,364.9,13.0321428571429,17.5732142857143,26,9.8,17.9,83,0
3-1-2015,0,739,23.8387096774194,439.5,14.1774193548387,19.008064516129,27.2,12.7,19.95,79,0
3-2-2015,0,739,23.8387096774194,439.5,14.1774193548387,19.008064516129,27.2,12.7,19.95,79,0
3-3-2015,0,739,23.8387096774194,439.5,14.1774193548387,19.008064516129,27.2,12.7,19.95,79,0
3-4-2015,0,739,23.8387096774194,439.5,14.1774193548387,19.008064516129,27.2,12.7,19.95,79,0
3-5-2015,0,739,23.8387096774194,439.5,14.1774193548387,19.008064516129,27.2,12.7,19.95,79,0
3-6-2015,0,739,23.8387096774194,439.5,14.1774193548387,19.008064516129,27.2,12.7,19.95,79,0
3-7-2015,0,739,23.8387096774194,439.5,14.1774193548387,19.008064516129,27.2,12.7,19.95,79,0
3-8-2015,0,739,23.8387096774194,439.5,14.1774193548387,19.008064516129,27.2,12.7,19.95,79,0
3-9-2015,0,739,23.8387096774194,439.5,14.1774193548387,19.008064516129,27.2,12.7,19.95,79,0
3-10-2015,0,739,23.8387096774194,439.5,14.1774193548387,19.008064516129,27.2,12.7,19.95,79,0
3-11-2015,2,739,23.8387096774194,439.5,14.1774193548387,19.008064516129,27.2,12.7,19.95,79,0
3-12-2015,0,739,23.8387096774194,439.5,14.1774193548387,19.008064516129,27.2,12.7,19.95,79,0
3-13-2015,0,739,23.8387096774194,439.5,14.1774193548387,19.008064516129,27.2,12.7,19.95,79,0
3-14-2015,1,739,23.8387096774194,439.5,14.1774193548387,19.008064516129,27.2,12.7,19.95,79,0
3-15-2015,0,739,23.8387096774194,439.5,14.1774193548387,19.008064516129,27.2,12.7,19.95,79,0
3-16-2015,0,739,23.8387096774194,439.5,14.1774193548387,19.008064516129,27.2,12.7,19.95,79,0
3-17-2015,0,739,23.8387096774194,439.5,14.1774193548387,19.008064516129,27.2,12.7,19.95,79,0
3-18-2015,0,739,23.8387096774194,439.5,14.1774193548387,19.008064516129,27.2,12.7,19.95,79,0
3-19-2015,0,739,23.8387096774194,439.5,14.1774193548387,19.008064516129,27.2,12.7,19.95,79,0
3-20-2015,0,739,23.8387096774194,439.5,14.1774193548387,19.008064516129,27.2,12.7,19.95,79,0
3-21-2015,0,739,23.8387096774194,439.5,14.1774193548387,19.008064516129,27.2,12.7,19.95,79,0
3-22-2015,3.4,739,23.8387096774194,439.5,14.1774193548387,19.008064516129,27.2,12.7,19.95,79,0
3-23-2015,12.2,739,23.8387096774194,439.5,14.1774193548387,19.008064516129,27.2,12.7,19.95,79,0
3-24-2015,35.5,739,23.8387096774194,439.5,14.1774193548387,19.008064516129,27.2,12.7,19.95,79,0
3-25-2015,0,739,23.8387096774194,439.5,14.1774193548387,19.008064516129,27.2,12.7,19.95,79,0
3-26-2015,2.2,739,23.8387096774194,439.5,14.1774193548387,19.008064516129,27.2,12.7,19.95,79,0
3-27-2015,0,739,23.8387096774194,439.5,14.1774193548387,19.008064516129,27.2,12.7,19.95,79,0
3-28-2015,0,739,23.8387096774194,439.5,14.1774193548387,19.008064516129,27.2,12.7,19.95,79,0
3-29-2015,0,739,23.8387096774194,439.5,14.1774193548387,19.008064516129,27.2,12.7,19.95,79,0
3-30-2015,0,739,23.8387096774194,439.5,14.1774193548387,19.008064516129,27.2,12.7,19.95,79,0
3-31-2015,0,739,23.8387096774194,439.5,14.1774193548387,19.008064516129,27.2,12.7,19.95,79,0
4-1-2015,0.2,730.9,24.3633333333333,470,15.6666666666667,20.015,27.6,13.6,20.6,82,0
4-2-2015,0.2,730.9,24.3633333333333,470,15.6666666666667,20.015,27.6,13.6,20.6,82,0
4-3-2015,0,730.9,24.3633333333333,470,15.6666666666667,20.015,27.6,13.6,20.6,82,0
4-4-2015,9.2,730.9,24.3633333333333,470,15.6666666666667,20.015,27.6,13.6,20.6,82,0
4-5-2015,31.8,730.9,24.3633333333333,470,15.6666666666667,20.015,27.6,13.6,20.6,82,0
4-6-2015,0,730.9,24.3633333333333,470,15.6666666666667,20.015,27.6,13.6,20.6,82,0
4-7-2015,0,730.9,24.3633333333333,470,15.6666666666667,20.015,27.6,13.6,20.6,82,0
4-8-2015,0,730.9,24.3633333333333,470,15.6666666666667,20.015,27.6,13.6,20.6,82,0
4-9-2015,0,730.9,24.3633333333333,470,15.6666666666667,20.015,27.6,13.6,20.6,82,1
4-10-2015,0,730.9,24.3633333333333,470,15.6666666666667,20.015,27.6,13.6,20.6,82,0
4-11-2015,0,730.9,24.3633333333333,470,15.6666666666667,20.015,27.6,13.6,20.6,82,0
4-12-2015,0,730.9,24.3633333333333,470,15.6666666666667,20.015,27.6,13.6,20.6,82,0
4-13-2015,0,730.9,24.3633333333333,470,15.6666666666667,20.015,27.6,13.6,20.6,82,0
4-14-2015,0,730.9,24.3633333333333,470,15.6666666666667,20.015,27.6,13.6,20.6,82,0
4-15-2015,0,730.9,24.3633333333333,470,15.6666666666667,20.015,27.6,13.6,20.6,82,0
4-16-2015,0,730.9,24.3633333333333,470,15.6666666666667,20.015,27.6,13.6,20.6,82,0
4-17-2015,0,730.9,24.3633333333333,470,15.6666666666667,20.015,27.6,13.6,20.6,82,0
4-18-2015,0,730.9,24.3633333333333,470,15.6666666666667,20.015,27.6,13.6,20.6,82,0
4-19-2015,8,730.9,24.3633333333333,470,15.6666666666667,20.015,27.6,13.6,20.6,82,0
4-20-2015,0,730.9,24.3633333333333,470,15.6666666666667,20.015,27.6,13.6,20.6,82,0
4-21-2015,34,730.9,24.3633333333333,470,15.6666666666667,20.015,27.6,13.6,20.6,82,0
4-22-2015,2.6,730.9,24.3633333333333,470,15.6666666666667,20.015,27.6,13.6,20.6,82,0
4-23-2015,0,730.9,24.3633333333333,470,15.6666666666667,20.015,27.6,13.6,20.6,82,0
4-24-2015,0,730.9,24.3633333333333,470,15.6666666666667,20.015,27.6,13.6,20.6,82,0
4-25-2015,19,730.9,24.3633333333333,470,15.6666666666667,20.015,27.6,13.6,20.6,82,0
4-26-2015,16.8,730.9,24.3633333333333,470,15.6666666666667,20.015,27.6,13.6,20.6,82,0
4-27-2015,0,730.9,24.3633333333333,470,15.6666666666667,20.015,27.6,13.6,20.6,82,0
4-28-2015,0,730.9,24.3633333333333,470,15.6666666666667,20.015,27.6,13.6,20.6,82,0
4-29-2015,0,730.9,24.3633333333333,470,15.6666666666667,20.015,27.6,13.6,20.6,82,0
4-30-2015,0,730.9,24.3633333333333,470,15.6666666666667,20.015,27.6,13.6,20.6,82,0
5-1-2015,0,758.1,24.4548387096774,514.7,16.6032258064516,20.5290322580645,26.4,15.6,21,85,0
5-2-2015,0,758.1,24.4548387096774,514.7,16.6032258064516,20.5290322580645,26.4,15.6,21,85,0
5-3-2015,23.5,758.1,24.4548387096774,514.7,16.6032258064516,20.5290322580645,26.4,15.6,21,85,0
5-4-2015,0,758.1,24.4548387096774,514.7,16.6032258064516,20.5290322580645,26.4,15.6,21,85,0
5-5-2015,0,758.1,24.4548387096774,514.7,16.6032258064516,20.5290322580645,26.4,15.6,21,85,0
5-6-2015,0,758.1,24.4548387096774,514.7,16.6032258064516,20.5290322580645,26.4,15.6,21,85,0
5-7-2015,21.5,758.1,24.4548387096774,514.7,16.6032258064516,20.5290322580645,26.4,15.6,21,85,0
5-8-2015,8.4,758.1,24.4548387096774,514.7,16.6032258064516,20.5290322580645,26.4,15.6,21,85,0
5-9-2015,31.6,758.1,24.4548387096774,514.7,16.6032258064516,20.5290322580645,26.4,15.6,21,85,0
5-10-2015,9.6,758.1,24.4548387096774,514.7,16.6032258064516,20.5290322580645,26.4,15.6,21,85,0
5-11-2015,0,758.1,24.4548387096774,514.7,16.6032258064516,20.5290322580645,26.4,15.6,21,85,0
5-12-2015,4.4,758.1,24.4548387096774,514.7,16.6032258064516,20.5290322580645,26.4,15.6,21,85,0
5-13-2015,0,758.1,24.4548387096774,514.7,16.6032258064516,20.5290322580645,26.4,15.6,21,85,0
5-14-2015,0,758.1,24.4548387096774,514.7,16.6032258064516,20.5290322580645,26.4,15.6,21,85,0
5-15-2015,0,758.1,24.4548387096774,514.7,16.6032258064516,20.5290322580645,26.4,15.6,21,85,0
5-16-2015,0,758.1,24.4548387096774,514.7,16.6032258064516,20.5290322580645,26.4,15.6,21,85,0
5-17-2015,0,758.1,24.4548387096774,514.7,16.6032258064516,20.5290322580645,26.4,15.6,21,85,0
5-18-2015,0,758.1,24.4548387096774,514.7,16.6032258064516,20.5290322580645,26.4,15.6,21,85,0
5-19-2015,0,758.1,24.4548387096774,514.7,16.6032258064516,20.5290322580645,26.4,15.6,21,85,0
5-20-2015,0,758.1,24.4548387096774,514.7,16.6032258064516,20.5290322580645,26.4,15.6,21,85,0
5-21-2015,0,758.1,24.4548387096774,514.7,16.6032258064516,20.5290322580645,26.4,15.6,21,85,0
5-22-2015,5.6,758.1,24.4548387096774,514.7,16.6032258064516,20.5290322580645,26.4,15.6,21,85,0
5-23-2015,74.8,758.1,24.4548387096774,514.7,16.6032258064516,20.5290322580645,26.4,15.6,21,85,1
5-24-2015,9.4,758.1,24.4548387096774,514.7,16.6032258064516,20.5290322580645,26.4,15.6,21,85,0
5-25-2015,16.4,758.1,24.4548387096774,514.7,16.6032258064516,20.5290322580645,26.4,15.6,21,85,0
5-26-2015,2.1,758.1,24.4548387096774,514.7,16.6032258064516,20.5290322580645,26.4,15.6,21,85,0
5-27-2015,1.6,758.1,24.4548387096774,514.7,16.6032258064516,20.5290322580645,26.4,15.6,21,85,0
5-28-2015,18.8,758.1,24.4548387096774,514.7,16.6032258064516,20.5290322580645,26.4,15.6,21,85,0
5-29-2015,13.8,758.1,24.4548387096774,514.7,16.6032258064516,20.5290322580645,26.4,15.6,21,85,0
5-30-2015,3.4,758.1,24.4548387096774,514.7,16.6032258064516,20.5290322580645,26.4,15.6,21,85,0
5-31-2015,0.6,758.1,24.4548387096774,514.7,16.6032258064516,20.5290322580645,26.4,15.6,21,85,0
6-1-2015,9.6,738,24.6,507,16.9,20.75,26.6,15.8,21.2,89,0
6-2-2015,3,738,24.6,507,16.9,20.75,26.6,15.8,21.2,89,0
6-3-2015,20.4,738,24.6,507,16.9,20.75,26.6,15.8,21.2,89,0
6-4-2015,4.4,738,24.6,507,16.9,20.75,26.6,15.8,21.2,89,0
6-5-2015,10,738,24.6,507,16.9,20.75,26.6,15.8,21.2,89,1
6-6-2015,16.4,738,24.6,507,16.9,20.75,26.6,15.8,21.2,89,0
6-7-2015,0.4,738,24.6,507,16.9,20.75,26.6,15.8,21.2,89,0
6-8-2015,18.3,738,24.6,507,16.9,20.75,26.6,15.8,21.2,89,0
6-9-2015,16.7,738,24.6,507,16.9,20.75,26.6,15.8,21.2,89,1
6-10-2015,18.8,738,24.6,507,16.9,20.75,26.6,15.8,21.2,89,0
6-11-2015,13.2,738,24.6,507,16.9,20.75,26.6,15.8,21.2,89,1
6-12-2015,0.2,738,24.6,507,16.9,20.75,26.6,15.8,21.2,89,0
6-13-2015,17,738,24.6,507,16.9,20.75,26.6,15.8,21.2,89,0
6-14-2015,13,738,24.6,507,16.9,20.75,26.6,15.8,21.2,89,1
6-15-2015,0,738,24.6,507,16.9,20.75,26.6,15.8,21.2,89,0
6-16-2015,16.6,738,24.6,507,16.9,20.75,26.6,15.8,21.2,89,0
6-17-2015,4.2,738,24.6,507,16.9,20.75,26.6,15.8,21.2,89,1
6-18-2015,24.6,738,24.6,507,16.9,20.75,26.6,15.8,21.2,89,0
6-19-2015,39.4,738,24.6,507,16.9,20.75,26.6,15.8,21.2,89,0
6-20-2015,1.4,738,24.6,507,16.9,20.75,26.6,15.8,21.2,89,0
6-21-2015,6.8,738,24.6,507,16.9,20.75,26.6,15.8,21.2,89,1
6-22-2015,11.4,738,24.6,507,16.9,20.75,26.6,15.8,21.2,89,1
6-23-2015,0.9,738,24.6,507,16.9,20.75,26.6,15.8,21.2,89,0
6-24-2015,1,738,24.6,507,16.9,20.75,26.6,15.8,21.2,89,0
6-25-2015,0,738,24.6,507,16.9,20.75,26.6,15.8,21.2,89,0
6-26-2015,1.6,738,24.6,507,16.9,20.75,26.6,15.8,21.2,89,0
6-27-2015,0.2,738,24.6,507,16.9,20.75,26.6,15.8,21.2,89,0
6-28-2015,3,738,24.6,507,16.9,20.75,26.6,15.8,21.2,89,0
6-29-2015,3,738,24.6,507,16.9,20.75,26.6,15.8,21.2,89,1
6-30-2015,7,738,24.6,507,16.9,20.75,26.6,15.8,21.2,89,0
7-1-2015,5.3,651,21,492.9,15.9,18.45,25,13,19,92,1
7-2-2015,14.4,651,21,492.9,15.9,18.45,25,13,19,92,0
7-3-2015,0,651,21,492.9,15.9,18.45,25,13,19,92,1
7-4-2015,140.6,651,21,492.9,15.9,18.45,25,13,19,92,0
7-5-2015,210.7,651,21,492.9,15.9,18.45,25,13,19,92,0
7-6-2015,67.4,651,21,492.9,15.9,18.45,25,13,19,92,0
7-7-2015,24,651,21,492.9,15.9,18.45,25,13,19,92,0
7-8-2015,27.8,651,21,492.9,15.9,18.45,25,13,19,92,0
7-9-2015,61.8,651,21,492.9,15.9,18.45,25,13,19,92,0
7-10-2015,60.8,651,21,492.9,15.9,18.45,25,13,19,92,1
7-11-2015,31.6,651,21,492.9,15.9,18.45,25,13,19,92,1
7-12-2015,108.4,651,21,492.9,15.9,18.45,25,13,19,92,0
7-13-2015,47.9,651,21,492.9,15.9,18.45,25,13,19,92,1
7-14-2015,111.3,651,21,492.9,15.9,18.45,25,13,19,92,0
7-15-2015,45,651,21,492.9,15.9,18.45,25,13,19,92,0
7-16-2015,189.2,651,21,492.9,15.9,18.45,25,13,19,92,0
7-17-2015,157.6,651,21,492.9,15.9,18.45,25,13,19,92,1
7-18-2015,90.4,651,21,492.9,15.9,18.45,25,13,19,92,0
7-19-2015,1,651,21,492.9,15.9,18.45,25,13,19,92,0
7-20-2015,0,651,21,492.9,15.9,18.45,25,13,19,92,1
7-21-2015,14.8,651,21,492.9,15.9,18.45,25,13,19,92,1
7-22-2015,16,651,21,492.9,15.9,18.45,25,13,19,92,1
7-23-2015,0,651,21,492.9,15.9,18.45,25,13,19,92,0
7-24-2015,0,651,21,492.9,15.9,18.45,25,13,19,92,1
7-25-2015,0,651,21,492.9,15.9,18.45,25,13,19,92,1
7-26-2015,17.3,651,21,492.9,15.9,18.45,25,13,19,92,1
7-27-2015,21,651,21,492.9,15.9,18.45,25,13,19,92,0
7-28-2015,17.9,651,21,492.9,15.9,18.45,25,13,19,92,1
7-29-2015,3,651,21,492.9,15.9,18.45,25,13,19,92,1
7-30-2015,8.8,651,21,492.9,15.9,18.45,25,13,19,92,1
7-31-2015,0,651,21,492.9,15.9,18.45,25,13,19,92,0
8-1-2015,0,700.6,22.6,496,16,19.3,25.2,14.4,19.8,93,1
8-2-2015,19.2,700.6,22.6,496,16,19.3,25.2,14.4,19.8,93,0
8-3-2015,26.4,700.6,22.6,496,16,19.3,25.2,14.4,19.8,93,0
8-4-2015,5.4,700.6,22.6,496,16,19.3,25.2,14.4,19.8,93,1
8-5-2015,0,700.6,22.6,496,16,19.3,25.2,14.4,19.8,93,0
8-6-2015,0,700.6,22.6,496,16,19.3,25.2,14.4,19.8,93,0
8-7-2015,5.8,700.6,22.6,496,16,19.3,25.2,14.4,19.8,93,1
8-8-2015,1,700.6,22.6,496,16,19.3,25.2,14.4,19.8,93,1
8-9-2015,0.2,700.6,22.6,496,16,19.3,25.2,14.4,19.8,93,1
8-10-2015,35,700.6,22.6,496,16,19.3,25.2,14.4,19.8,93,1
8-11-2015,8,700.6,22.6,496,16,19.3,25.2,14.4,19.8,93,0
8-12-2015,7.8,700.6,22.6,496,16,19.3,25.2,14.4,19.8,93,0
8-13-2015,3.1,700.6,22.6,496,16,19.3,25.2,14.4,19.8,93,1
8-14-2015,4.6,700.6,22.6,496,16,19.3,25.2,14.4,19.8,93,1
8-15-2015,2,700.6,22.6,496,16,19.3,25.2,14.4,19.8,93,1
8-16-2015,0,700.6,22.6,496,16,19.3,25.2,14.4,19.8,93,1
8-17-2015,0,700.6,22.6,496,16,19.3,25.2,14.4,19.8,93,1
8-18-2015,3.2,700.6,22.6,496,16,19.3,25.2,14.4,19.8,93,1
8-19-2015,3.2,700.6,22.6,496,16,19.3,25.2,14.4,19.8,93,1
8-20-2015,222,700.6,22.6,496,16,19.3,25.2,14.4,19.8,93,1
8-21-2015,281.5,700.6,22.6,496,16,19.3,25.2,14.4,19.8,93,0
8-22-2015,218.1,700.6,22.6,496,16,19.3,25.2,14.4,19.8,93,1
8-23-2015,40,700.6,22.6,496,16,19.3,25.2,14.4,19.8,93,1
8-24-2015,15.6,700.6,22.6,496,16,19.3,25.2,14.4,19.8,93,0
8-25-2015,10.6,700.6,22.6,496,16,19.3,25.2,14.4,19.8,93,0
8-26-2015,3.2,700.6,22.6,496,16,19.3,25.2,14.4,19.8,93,0
8-27-2015,1.2,700.6,22.6,496,16,19.3,25.2,14.4,19.8,93,1
8-28-2015,22.4,700.6,22.6,496,16,19.3,25.2,14.4,19.8,93,0
8-29-2015,80,700.6,22.6,496,16,19.3,25.2,14.4,19.8,93,0
8-30-2015,12.1,700.6,22.6,496,16,19.3,25.2,14.4,19.8,93,0
8-31-2015,0,700.6,22.6,496,16,19.3,25.2,14.4,19.8,93,0
9-1-2015,3.2,711,23.7,492,16.4,20.05,25.6,15,20.3,91,1
9-2-2015,10.8,711,23.7,492,16.4,20.05,25.6,15,20.3,91,0
9-3-2015,14,711,23.7,492,16.4,20.05,25.6,15,20.3,91,0
9-4-2015,6.2,711,23.7,492,16.4,20.05,25.6,15,20.3,91,0
9-5-2015,6,711,23.7,492,16.4,20.05,25.6,15,20.3,91,0
9-6-2015,0,711,23.7,492,16.4,20.05,25.6,15,20.3,91,0
9-7-2015,31.4,711,23.7,492,16.4,20.05,25.6,15,20.3,91,0
9-8-2015,45.6,711,23.7,492,16.4,20.05,25.6,15,20.3,91,0
9-9-2015,19.8,711,23.7,492,16.4,20.05,25.6,15,20.3,91,0
9-10-2015,19.6,711,23.7,492,16.4,20.05,25.6,15,20.3,91,1
9-11-2015,14.3,711,23.7,492,16.4,20.05,25.6,15,20.3,91,0
9-12-2015,1,711,23.7,492,16.4,20.05,25.6,15,20.3,91,1
9-13-2015,0.6,711,23.7,492,16.4,20.05,25.6,15,20.3,91,0
9-14-2015,32.6,711,23.7,492,16.4,20.05,25.6,15,20.3,91,0
9-15-2015,4.4,711,23.7,492,16.4,20.05,25.6,15,20.3,91,1
9-16-2015,7.6,711,23.7,492,16.4,20.05,25.6,15,20.3,91,1
9-17-2015,16.4,711,23.7,492,16.4,20.05,25.6,15,20.3,91,0
9-18-2015,0,711,23.7,492,16.4,20.05,25.6,15,20.3,91,1
9-19-2015,2,711,23.7,492,16.4,20.05,25.6,15,20.3,91,0
9-20-2015,0,711,23.7,492,16.4,20.05,25.6,15,20.3,91,0
9-21-2015,2.8,711,23.7,492,16.4,20.05,25.6,15,20.3,91,1
9-22-2015,0.6,711,23.7,492,16.4,20.05,25.6,15,20.3,91,0
9-23-2015,0,711,23.7,492,16.4,20.05,25.6,15,20.3,91,0
9-24-2015,0,711,23.7,492,16.4,20.05,25.6,15,20.3,91,1
9-25-2015,0,711,23.7,492,16.4,20.05,25.6,15,20.3,91,0
9-26-2015,0,711,23.7,492,16.4,20.05,25.6,15,20.3,91,1
9-27-2015,0,711,23.7,492,16.4,20.05,25.6,15,20.3,91,0
9-28-2015,16.5,711,23.7,492,16.4,20.05,25.6,15,20.3,91,0
9-29-2015,8.2,711,23.7,492,16.4,20.05,25.6,15,20.3,91,1
9-30-2015,0,711,23.7,492,16.4,20.05,25.6,15,20.3,91,1
10-1-2015,62.4,713,23,483.6,15.6,19.3,25.8,13,19.4,88,0
10-2-2015,37.6,713,23,483.6,15.6,19.3,25.8,13,19.4,88,1
10-3-2015,0,713,23,483.6,15.6,19.3,25.8,13,19.4,88,1
10-4-2015,2.2,713,23,483.6,15.6,19.3,25.8,13,19.4,88,1
10-5-2015,0,713,23,483.6,15.6,19.3,25.8,13,19.4,88,1
10-6-2015,0,713,23,483.6,15.6,19.3,25.8,13,19.4,88,0
10-7-2015,0,713,23,483.6,15.6,19.3,25.8,13,19.4,88,0
10-8-2015,0,713,23,483.6,15.6,19.3,25.8,13,19.4,88,0
10-9-2015,0,713,23,483.6,15.6,19.3,25.8,13,19.4,88,0
10-10-2015,7,713,23,483.6,15.6,19.3,25.8,13,19.4,88,0
10-11-2015,0,713,23,483.6,15.6,19.3,25.8,13,19.4,88,1
10-12-2015,0,713,23,483.6,15.6,19.3,25.8,13,19.4,88,0
10-13-2015,2,713,23,483.6,15.6,19.3,25.8,13,19.4,88,0
10-14-2015,0,713,23,483.6,15.6,19.3,25.8,13,19.4,88,1
10-15-2015,0,713,23,483.6,15.6,19.3,25.8,13,19.4,88,1
10-16-2015,47,713,23,483.6,15.6,19.3,25.8,13,19.4,88,0
10-17-2015,161.3,713,23,483.6,15.6,19.3,25.8,13,19.4,88,0
10-18-2015,775.4,713,23,483.6,15.6,19.3,25.8,13,19.4,88,1
10-19-2015,94.8,713,23,483.6,15.6,19.3,25.8,13,19.4,88,1
10-20-2015,18.7,713,23,483.6,15.6,19.3,25.8,13,19.4,88,1
10-21-2015,2.8,713,23,483.6,15.6,19.3,25.8,13,19.4,88,1
10-22-2015,0,713,23,483.6,15.6,19.3,25.8,13,19.4,88,0
10-23-2015,0,713,23,483.6,15.6,19.3,25.8,13,19.4,88,0
10-24-2015,0,713,23,483.6,15.6,19.3,25.8,13,19.4,88,1
10-25-2015,0,713,23,483.6,15.6,19.3,25.8,13,19.4,88,1
10-26-2015,1,713,23,483.6,15.6,19.3,25.8,13,19.4,88,0
10-27-2015,0,713,23,483.6,15.6,19.3,25.8,13,19.4,88,0
10-28-2015,0,713,23,483.6,15.6,19.3,25.8,13,19.4,88,0
10-29-2015,0,713,23,483.6,15.6,19.3,25.8,13,19.4,88,0
10-30-2015,0,713,23,483.6,15.6,19.3,25.8,13,19.4,88,0
10-31-2015,0,713,23,483.6,15.6,19.3,25.8,13,19.4,88,1
11-1-2015,7.8,729,24.3,459,15.3,19.8,25.6,13.5,19.55,78,0
11-2-2015,0,729,24.3,459,15.3,19.8,25.6,13.5,19.55,78,1
11-3-2015,0,729,24.3,459,15.3,19.8,25.6,13.5,19.55,78,1
11-4-2015,0,729,24.3,459,15.3,19.8,25.6,13.5,19.55,78,0
11-5-2015,0,729,24.3,459,15.3,19.8,25.6,13.5,19.55,78,1
11-6-2015,0,729,24.3,459,15.3,19.8,25.6,13.5,19.55,78,0
11-7-2015,0,729,24.3,459,15.3,19.8,25.6,13.5,19.55,78,1
11-8-2015,0,729,24.3,459,15.3,19.8,25.6,13.5,19.55,78,0
11-9-2015,0,729,24.3,459,15.3,19.8,25.6,13.5,19.55,78,0
11-10-2015,0,729,24.3,459,15.3,19.8,25.6,13.5,19.55,78,0
11-11-2015,0,729,24.3,459,15.3,19.8,25.6,13.5,19.55,78,1
11-12-2015,0,729,24.3,459,15.3,19.8,25.6,13.5,19.55,78,0
11-13-2015,0,729,24.3,459,15.3,19.8,25.6,13.5,19.55,78,0
11-14-2015,0,729,24.3,459,15.3,19.8,25.6,13.5,19.55,78,0
11-15-2015,0,729,24.3,459,15.3,19.8,25.6,13.5,19.55,78,0
11-16-2015,0,729,24.3,459,15.3,19.8,25.6,13.5,19.55,78,0
11-17-2015,0,729,24.3,459,15.3,19.8,25.6,13.5,19.55,78,0
11-18-2015,0,729,24.3,459,15.3,19.8,25.6,13.5,19.55,78,1
11-19-2015,0,729,24.3,459,15.3,19.8,25.6,13.5,19.55,78,0
11-20-2015,0,729,24.3,459,15.3,19.8,25.6,13.5,19.55,78,0
11-21-2015,0,729,24.3,459,15.3,19.8,25.6,13.5,19.55,78,0
11-22-2015,0,729,24.3,459,15.3,19.8,25.6,13.5,19.55,78,1
11-23-2015,0.2,729,24.3,459,15.3,19.8,25.6,13.5,19.55,78,0
11-24-2015,0,729,24.3,459,15.3,19.8,25.6,13.5,19.55,78,0
11-25-2015,0,729,24.3,459,15.3,19.8,25.6,13.5,19.55,78,0
11-26-2015,0,729,24.3,459,15.3,19.8,25.6,13.5,19.55,78,0
11-27-2015,0,729,24.3,459,15.3,19.8,25.6,13.5,19.55,78,1
11-28-2015,0,729,24.3,459,15.3,19.8,25.6,13.5,19.55,78,0
11-29-2015,0,729,24.3,459,15.3,19.8,25.6,13.5,19.55,78,1
11-30-2015,0,729,24.3,459,15.3,19.8,25.6,13.5,19.55,78,0
12-1-2015,0,725.4,23.4,465,15,19.2,26.4,12.8,19.6,84,1
12-2-2015,0,725.4,23.4,465,15,19.2,26.4,12.8,19.6,84,0
12-3-2015,0,725.4,23.4,465,15,19.2,26.4,12.8,19.6,84,1
12-4-2015,0,725.4,23.4,465,15,19.2,26.4,12.8,19.6,84,0
12-5-2015,1.4,725.4,23.4,465,15,19.2,26.4,12.8,19.6,84,0
12-6-2015,0,725.4,23.4,465,15,19.2,26.4,12.8,19.6,84,0
12-7-2015,0,725.4,23.4,465,15,19.2,26.4,12.8,19.6,84,0
12-8-2015,0,725.4,23.4,465,15,19.2,26.4,12.8,19.6,84,0
12-9-2015,0,725.4,23.4,465,15,19.2,26.4,12.8,19.6,84,1
12-10-2015,0,725.4,23.4,465,15,19.2,26.4,12.8,19.6,84,0
12-11-2015,0,725.4,23.4,465,15,19.2,26.4,12.8,19.6,84,1
12-12-2015,0,725.4,23.4,465,15,19.2,26.4,12.8,19.6,84,0
12-13-2015,0,725.4,23.4,465,15,19.2,26.4,12.8,19.6,84,0
12-14-2015,4.4,725.4,23.4,465,15,19.2,26.4,12.8,19.6,84,0
12-15-2015,59.2,725.4,23.4,465,15,19.2,26.4,12.8,19.6,84,0
12-16-2015,93.7,725.4,23.4,465,15,19.2,26.4,12.8,19.6,84,0
12-17-2015,0,725.4,23.4,465,15,19.2,26.4,12.8,19.6,84,0
12-18-2015,7.2,725.4,23.4,465,15,19.2,26.4,12.8,19.6,84,0
12-19-2015,1.2,725.4,23.4,465,15,19.2,26.4,12.8,19.6,84,0
12-20-2015,0,725.4,23.4,465,15,19.2,26.4,12.8,19.6,84,0
12-21-2015,0,725.4,23.4,465,15,19.2,26.4,12.8,19.6,84,1
12-22-2015,0,725.4,23.4,465,15,19.2,26.4,12.8,19.6,84,0
12-23-2015,0,725.4,23.4,465,15,19.2,26.4,12.8,19.6,84,0
12-24-2015,0,725.4,23.4,465,15,19.2,26.4,12.8,19.6,84,0
12-25-2015,0,725.4,23.4,465,15,19.2,26.4,12.8,19.6,84,0
12-26-2015,0,725.4,23.4,465,15,19.2,26.4,12.8,19.6,84,0
12-27-2015,0,725.4,23.4,465,15,19.2,26.4,12.8,19.6,84,0
12-28-2015,0,725.4,23.4,465,15,19.2,26.4,12.8,19.6,84,0
12-29-2015,0,725.4,23.4,465,15,19.2,26.4,12.8,19.6,84,0
12-30-2015,0,725.4,23.4,465,15,19.2,26.4,12.8,19.6,84,0
12-31-2015,0,725.4,23.4,465,15,19.2,26.4,12.8,19.6,84,0
1-1-2016,4.2,719.2,23.2,434,14,18.6,25.2,10.8,18,82,1
1-2-2016,0.8,719.2,23.2,434,14,18.6,25.2,10.8,18,82,1
1-3-2016,0,719.2,23.2,434,14,18.6,25.2,10.8,18,82,1
1-4-2016,0,719.2,23.2,434,14,18.6,25.2,10.8,18,82,0
1-5-2016,0,719.2,23.2,434,14,18.6,25.2,10.8,18,82,0
1-6-2016,0,719.2,23.2,434,14,18.6,25.2,10.8,18,82,0
1-7-2016,0,719.2,23.2,434,14,18.6,25.2,10.8,18,82,1
1-8-2016,0,719.2,23.2,434,14,18.6,25.2,10.8,18,82,1
1-9-2016,0,719.2,23.2,434,14,18.6,25.2,10.8,18,82,0
1-10-2016,0,719.2,23.2,434,14,18.6,25.2,10.8,18,82,1
1-11-2016,0,719.2,23.2,434,14,18.6,25.2,10.8,18,82,0
1-12-2016,0,719.2,23.2,434,14,18.6,25.2,10.8,18,82,0
1-13-2016,0,719.2,23.2,434,14,18.6,25.2,10.8,18,82,0
1-14-2016,0,719.2,23.2,434,14,18.6,25.2,10.8,18,82,0
1-15-2016,0,719.2,23.2,434,14,18.6,25.2,10.8,18,82,1
1-16-2016,0,719.2,23.2,434,14,18.6,25.2,10.8,18,82,0
1-17-2016,0,719.2,23.2,434,14,18.6,25.2,10.8,18,82,0
1-18-2016,0,719.2,23.2,434,14,18.6,25.2,10.8,18,82,0
1-19-2016,0,719.2,23.2,434,14,18.6,25.2,10.8,18,82,0
1-20-2016,0,719.2,23.2,434,14,18.6,25.2,10.8,18,82,0
1-21-2016,0,719.2,23.2,434,14,18.6,25.2,10.8,18,82,0
1-22-2016,0,719.2,23.2,434,14,18.6,25.2,10.8,18,82,0
1-23-2016,0,719.2,23.2,434,14,18.6,25.2,10.8,18,82,0
1-24-2016,0,719.2,23.2,434,14,18.6,25.2,10.8,18,82,0
1-25-2016,0,719.2,23.2,434,14,18.6,25.2,10.8,18,82,0
1-26-2016,0,719.2,23.2,434,14,18.6,25.2,10.8,18,82,0
1-27-2016,0,719.2,23.2,434,14,18.6,25.2,10.8,18,82,1
1-28-2016,0,719.2,23.2,434,14,18.6,25.2,10.8,18,82,0
1-29-2016,0,719.2,23.2,434,14,18.6,25.2,10.8,18,82,0
1-30-2016,0.2,719.2,23.2,434,14,18.6,25.2,10.8,18,82,0
1-31-2016,0,719.2,23.2,434,14,18.6,25.2,10.8,18,82,0
2-1-2016,0,661.2,22.8,394.4,13.6,18.2,24.2,11.2,17.7,83,0
2-2-2016,0,661.2,22.8,394.4,13.6,18.2,24.2,11.2,17.7,83,1
2-3-2016,0,661.2,22.8,394.4,13.6,18.2,24.2,11.2,17.7,83,1
2-4-2016,0,661.2,22.8,394.4,13.6,18.2,24.2,11.2,17.7,83,0
2-5-2016,0,661.2,22.8,394.4,13.6,18.2,24.2,11.2,17.7,83,1
2-6-2016,0.2,661.2,22.8,394.4,13.6,18.2,24.2,11.2,17.7,83,0
2-7-2016,0.2,661.2,22.8,394.4,13.6,18.2,24.2,11.2,17.7,83,1
2-8-2016,0,661.2,22.8,394.4,13.6,18.2,24.2,11.2,17.7,83,0
2-9-2016,0.2,661.2,22.8,394.4,13.6,18.2,24.2,11.2,17.7,83,1
2-10-2016,0,661.2,22.8,394.4,13.6,18.2,24.2,11.2,17.7,83,0
2-11-2016,0,661.2,22.8,394.4,13.6,18.2,24.2,11.2,17.7,83,0
2-12-2016,0,661.2,22.8,394.4,13.6,18.2,24.2,11.2,17.7,83,0
2-13-2016,0,661.2,22.8,394.4,13.6,18.2,24.2,11.2,17.7,83,1
2-14-2016,0,661.2,22.8,394.4,13.6,18.2,24.2,11.2,17.7,83,0
2-15-2016,0,661.2,22.8,394.4,13.6,18.2,24.2,11.2,17.7,83,1
2-16-2016,0,661.2,22.8,394.4,13.6,18.2,24.2,11.2,17.7,83,0
2-17-2016,0,661.2,22.8,394.4,13.6,18.2,24.2,11.2,17.7,83,1
2-18-2016,0,661.2,22.8,394.4,13.6,18.2,24.2,11.2,17.7,83,0
2-19-2016,0,661.2,22.8,394.4,13.6,18.2,24.2,11.2,17.7,83,1
2-20-2016,0,661.2,22.8,394.4,13.6,18.2,24.2,11.2,17.7,83,0
2-21-2016,0,661.2,22.8,394.4,13.6,18.2,24.2,11.2,17.7,83,1
2-22-2016,0,661.2,22.8,394.4,13.6,18.2,24.2,11.2,17.7,83,0
2-23-2016,0,661.2,22.8,394.4,13.6,18.2,24.2,11.2,17.7,83,0
2-24-2016,0,661.2,22.8,394.4,13.6,18.2,24.2,11.2,17.7,83,0
2-25-2016,0,661.2,22.8,394.4,13.6,18.2,24.2,11.2,17.7,83,0
2-26-2016,0,661.2,22.8,394.4,13.6,18.2,24.2,11.2,17.7,83,0
2-27-2016,0,661.2,22.8,394.4,13.6,18.2,24.2,11.2,17.7,83,0
2-28-2016,3.6,661.2,22.8,394.4,13.6,18.2,24.2,11.2,17.7,83,0
2-29-2016,0,661.2,22.8,394.4,13.6,18.2,24.2,11.2,17.7,83,0
3-1-2016,0,744,24,461.9,14.9,19.45,26.2,13,19.6,84,0
3-2-2016,0.2,744,24,461.9,14.9,19.45,26.2,13,19.6,84,0
3-3-2016,2.6,744,24,461.9,14.9,19.45,26.2,13,19.6,84,0
3-4-2016,3.8,744,24,461.9,14.9,19.45,26.2,13,19.6,84,0
3-5-2016,0,744,24,461.9,14.9,19.45,26.2,13,19.6,84,0
3-6-2016,0,744,24,461.9,14.9,19.45,26.2,13,19.6,84,0
3-7-2016,0,744,24,461.9,14.9,19.45,26.2,13,19.6,84,0
3-8-2016,0,744,24,461.9,14.9,19.45,26.2,13,19.6,84,0
3-9-2016,0,744,24,461.9,14.9,19.45,26.2,13,19.6,84,0
3-10-2016,0,744,24,461.9,14.9,19.45,26.2,13,19.6,84,1
3-11-2016,0,744,24,461.9,14.9,19.45,26.2,13,19.6,84,0
3-12-2016,0,744,24,461.9,14.9,19.45,26.2,13,19.6,84,0
3-13-2016,0,744,24,461.9,14.9,19.45,26.2,13,19.6,84,0
3-14-2016,0,744,24,461.9,14.9,19.45,26.2,13,19.6,84,0
3-15-2016,0,744,24,461.9,14.9,19.45,26.2,13,19.6,84,0
3-16-2016,0,744,24,461.9,14.9,19.45,26.2,13,19.6,84,0
3-17-2016,0,744,24,461.9,14.9,19.45,26.2,13,19.6,84,1
3-18-2016,0,744,24,461.9,14.9,19.45,26.2,13,19.6,84,0
3-19-2016,0,744,24,461.9,14.9,19.45,26.2,13,19.6,84,0
3-20-2016,0,744,24,461.9,14.9,19.45,26.2,13,19.6,84,0
3-21-2016,0,744,24,461.9,14.9,19.45,26.2,13,19.6,84,1
3-22-2016,0,744,24,461.9,14.9,19.45,26.2,13,19.6,84,0
3-23-2016,0,744,24,461.9,14.9,19.45,26.2,13,19.6,84,0
3-24-2016,0,744,24,461.9,14.9,19.45,26.2,13,19.6,84,0
3-25-2016,0,744,24,461.9,14.9,19.45,26.2,13,19.6,84,0
3-26-2016,0,744,24,461.9,14.9,19.45,26.2,13,19.6,84,0
3-27-2016,0,744,24,461.9,14.9,19.45,26.2,13,19.6,84,0
3-28-2016,0,744,24,461.9,14.9,19.45,26.2,13,19.6,84,0
3-29-2016,0,744,24,461.9,14.9,19.45,26.2,13,19.6,84,0
3-30-2016,2.8,744,24,461.9,14.9,19.45,26.2,13,19.6,84,0
3-31-2016,0,744,24,461.9,14.9,19.45,26.2,13,19.6,84,0
4-1-2016,10.6,744,24,461.9,14.9,19.45,26.2,13,19.6,84,1
4-2-2016,0,744,24,461.9,14.9,19.45,26.2,13,19.6,84,0
4-3-2016,0,744,24,461.9,14.9,19.45,26.2,13,19.6,84,0
4-4-2016,0,744,24,461.9,14.9,19.45,26.2,13,19.6,84,0
4-5-2016,0,744,24,461.9,14.9,19.45,26.2,13,19.6,84,0
4-6-2016,0,744,24,461.9,14.9,19.45,26.2,13,19.6,84,0
4-7-2016,0,744,24,461.9,14.9,19.45,26.2,13,19.6,84,0
4-8-2016,0,744,24,461.9,14.9,19.45,26.2,13,19.6,84,0
4-9-2016,0,744,24,461.9,14.9,19.45,26.2,13,19.6,84,0
4-10-2016,0,744,24,461.9,14.9,19.45,26.2,13,19.6,84,0
4-11-2016,0,744,24,461.9,14.9,19.45,26.2,13,19.6,84,0
4-12-2016,0,744,24,461.9,14.9,19.45,26.2,13,19.6,84,0
4-13-2016,0,744,24,461.9,14.9,19.45,26.2,13,19.6,84,1
4-14-2016,0,744,24,461.9,14.9,19.45,26.2,13,19.6,84,0
4-15-2016,0,744,24,461.9,14.9,19.45,26.2,13,19.6,84,0
4-16-2016,0,744,24,461.9,14.9,19.45,26.2,13,19.6,84,0
4-17-2016,0,744,24,461.9,14.9,19.45,26.2,13,19.6,84,0
4-18-2016,0.2,744,24,461.9,14.9,19.45,26.2,13,19.6,84,0
4-19-2016,0,744,24,461.9,14.9,19.45,26.2,13,19.6,84,0
4-20-2016,0,744,24,461.9,14.9,19.45,26.2,13,19.6,84,1
4-21-2016,0.2,744,24,461.9,14.9,19.45,26.2,13,19.6,84,0
4-22-2016,0.1,744,24,461.9,14.9,19.45,26.2,13,19.6,84,0
4-23-2016,0,744,24,461.9,14.9,19.45,26.2,13,19.6,84,0
4-24-2016,0,744,24,461.9,14.9,19.45,26.2,13,19.6,84,0
4-25-2016,0,744,24,461.9,14.9,19.45,26.2,13,19.6,84,0
4-26-2016,0.4,744,24,461.9,14.9,19.45,26.2,13,19.6,84,0
4-27-2016,0,744,24,461.9,14.9,19.45,26.2,13,19.6,84,1
4-28-2016,0.7,744,24,461.9,14.9,19.45,26.2,13,19.6,84,0
4-29-2016,2.8,744,24,461.9,14.9,19.45,26.2,13,19.6,84,0
4-30-2016,47,744,24,461.9,14.9,19.45,26.2,13,19.6,84,0
5-1-2016,3.6,775,25,527,17,21,27.2,16,21.6,86,0
5-2-2016,0.4,775,25,527,17,21,27.2,16,21.6,86,0
5-3-2016,1.2,775,25,527,17,21,27.2,16,21.6,86,0
5-4-2016,14.2,775,25,527,17,21,27.2,16,21.6,86,0
5-5-2016,8.8,775,25,527,17,21,27.2,16,21.6,86,0
5-6-2016,0.4,775,25,527,17,21,27.2,16,21.6,86,0
5-7-2016,0,775,25,527,17,21,27.2,16,21.6,86,0
5-8-2016,0,775,25,527,17,21,27.2,16,21.6,86,0
5-9-2016,0,775,25,527,17,21,27.2,16,21.6,86,1
5-10-2016,0,775,25,527,17,21,27.2,16,21.6,86,0
5-11-2016,0,775,25,527,17,21,27.2,16,21.6,86,0
5-12-2016,0.8,775,25,527,17,21,27.2,16,21.6,86,0
5-13-2016,18.4,775,25,527,17,21,27.2,16,21.6,86,0
5-14-2016,0,775,25,527,17,21,27.2,16,21.6,86,0
5-15-2016,1.8,775,25,527,17,21,27.2,16,21.6,86,0
5-16-2016,0.2,775,25,527,17,21,27.2,16,21.6,86,0
5-17-2016,0,775,25,527,17,21,27.2,16,21.6,86,0
5-18-2016,2,775,25,527,17,21,27.2,16,21.6,86,1
5-19-2016,26.2,775,25,527,17,21,27.2,16,21.6,86,0
5-20-2016,10,775,25,527,17,21,27.2,16,21.6,86,0
5-21-2016,5.6,775,25,527,17,21,27.2,16,21.6,86,0
5-22-2016,0.6,775,25,527,17,21,27.2,16,21.6,86,0
5-23-2016,13.7,775,25,527,17,21,27.2,16,21.6,86,0
5-24-2016,0,775,25,527,17,21,27.2,16,21.6,86,0
5-25-2016,9,775,25,527,17,21,27.2,16,21.6,86,0
5-26-2016,0,775,25,527,17,21,27.2,16,21.6,86,1
5-27-2016,3,775,25,527,17,21,27.2,16,21.6,86,0
5-28-2016,0.4,775,25,527,17,21,27.2,16,21.6,86,0
5-29-2016,12,775,25,527,17,21,27.2,16,21.6,86,0
5-30-2016,34,775,25,527,17,21,27.2,16,21.6,86,0
5-31-2016,47,775,25,527,17,21,27.2,16,21.6,86,0
6-1-2016,0.4,738,24.6,501,16.7,20.65,26.2,15.4,20.8,88,0
6-2-2016,0.8,738,24.6,501,16.7,20.65,26.2,15.4,20.8,88,1
6-3-2016,0,738,24.6,501,16.7,20.65,26.2,15.4,20.8,88,0
6-4-2016,0.6,738,24.6,501,16.7,20.65,26.2,15.4,20.8,88,1
6-5-2016,17.4,738,24.6,501,16.7,20.65,26.2,15.4,20.8,88,1
6-6-2016,20.4,738,24.6,501,16.7,20.65,26.2,15.4,20.8,88,0
6-7-2016,28.6,738,24.6,501,16.7,20.65,26.2,15.4,20.8,88,0
6-8-2016,27,738,24.6,501,16.7,20.65,26.2,15.4,20.8,88,0
6-9-2016,14,738,24.6,501,16.7,20.65,26.2,15.4,20.8,88,0
6-10-2016,6,738,24.6,501,16.7,20.65,26.2,15.4,20.8,88,1
6-11-2016,0,738,24.6,501,16.7,20.65,26.2,15.4,20.8,88,0
6-12-2016,2.6,738,24.6,501,16.7,20.65,26.2,15.4,20.8,88,1
6-13-2016,11.6,738,24.6,501,16.7,20.65,26.2,15.4,20.8,88,0
6-14-2016,0,738,24.6,501,16.7,20.65,26.2,15.4,20.8,88,1
6-15-2016,0,738,24.6,501,16.7,20.65,26.2,15.4,20.8,88,1
6-16-2016,7,738,24.6,501,16.7,20.65,26.2,15.4,20.8,88,1
6-17-2016,0,738,24.6,501,16.7,20.65,26.2,15.4,20.8,88,1
6-18-2016,0,738,24.6,501,16.7,20.65,26.2,15.4,20.8,88,0
6-19-2016,0,738,24.6,501,16.7,20.65,26.2,15.4,20.8,88,1
6-20-2016,8.8,738,24.6,501,16.7,20.65,26.2,15.4,20.8,88,1
6-21-2016,0,738,24.6,501,16.7,20.65,26.2,15.4,20.8,88,0
6-22-2016,10,738,24.6,501,16.7,20.65,26.2,15.4,20.8,88,1
6-23-2016,0,738,24.6,501,16.7,20.65,26.2,15.4,20.8,88,1
6-24-2016,0.6,738,24.6,501,16.7,20.65,26.2,15.4,20.8,88,0
6-25-2016,0.2,738,24.6,501,16.7,20.65,26.2,15.4,20.8,88,0
6-26-2016,6.6,738,24.6,501,16.7,20.65,26.2,15.4,20.8,88,0
6-27-2016,1.4,738,24.6,501,16.7,20.65,26.2,15.4,20.8,88,1
6-28-2016,0.5,738,24.6,501,16.7,20.65,26.2,15.4,20.8,88,0
6-29-2016,11.8,738,24.6,501,16.7,20.65,26.2,15.4,20.8,88,1
6-30-2016,0,738,24.6,501,16.7,20.65,26.2,15.4,20.8,88,1
7-1-2016,1,737.8,23.8,502.2,16.2,20,26.4,15.2,20.8,90,1
7-2-2016,0.6,737.8,23.8,502.2,16.2,20,26.4,15.2,20.8,90,0
7-3-2016,20.8,737.8,23.8,502.2,16.2,20,26.4,15.2,20.8,90,1
7-4-2016,0,737.8,23.8,502.2,16.2,20,26.4,15.2,20.8,90,1
7-5-2016,2.5,737.8,23.8,502.2,16.2,20,26.4,15.2,20.8,90,1
7-6-2016,59.8,737.8,23.8,502.2,16.2,20,26.4,15.2,20.8,90,1
7-7-2016,0.9,737.8,23.8,502.2,16.2,20,26.4,15.2,20.8,90,1
7-8-2016,15,737.8,23.8,502.2,16.2,20,26.4,15.2,20.8,90,1
7-9-2016,28,737.8,23.8,502.2,16.2,20,26.4,15.2,20.8,90,1
7-10-2016,20.9,737.8,23.8,502.2,16.2,20,26.4,15.2,20.8,90,0
7-11-2016,2.9,737.8,23.8,502.2,16.2,20,26.4,15.2,20.8,90,1
7-12-2016,0.6,737.8,23.8,502.2,16.2,20,26.4,15.2,20.8,90,0
7-13-2016,7,737.8,23.8,502.2,16.2,20,26.4,15.2,20.8,90,1
7-14-2016,20.4,737.8,23.8,502.2,16.2,20,26.4,15.2,20.8,90,1
7-15-2016,0.5,737.8,23.8,502.2,16.2,20,26.4,15.2,20.8,90,1
7-16-2016,10.8,737.8,23.8,502.2,16.2,20,26.4,15.2,20.8,90,0
7-17-2016,9,737.8,23.8,502.2,16.2,20,26.4,15.2,20.8,90,1
7-18-2016,0.5,737.8,23.8,502.2,16.2,20,26.4,15.2,20.8,90,0
7-19-2016,2.4,737.8,23.8,502.2,16.2,20,26.4,15.2,20.8,90,1
7-20-2016,0,737.8,23.8,502.2,16.2,20,26.4,15.2,20.8,90,1
7-21-2016,12.6,737.8,23.8,502.2,16.2,20,26.4,15.2,20.8,90,1
7-22-2016,12.8,737.8,23.8,502.2,16.2,20,26.4,15.2,20.8,90,1
7-23-2016,25,737.8,23.8,502.2,16.2,20,26.4,15.2,20.8,90,1
7-24-2016,10.6,737.8,23.8,502.2,16.2,20,26.4,15.2,20.8,90,1
7-25-2016,0,737.8,23.8,502.2,16.2,20,26.4,15.2,20.8,90,1
7-26-2016,0,737.8,23.8,502.2,16.2,20,26.4,15.2,20.8,90,1
7-27-2016,2.8,737.8,23.8,502.2,16.2,20,26.4,15.2,20.8,90,1
7-28-2016,3.8,737.8,23.8,502.2,16.2,20,26.4,15.2,20.8,90,1
7-29-2016,78.2,737.8,23.8,502.2,16.2,20,26.4,15.2,20.8,90,1
7-30-2016,26.8,737.8,23.8,502.2,16.2,20,26.4,15.2,20.8,90,0
7-31-2016,50.6,737.8,23.8,502.2,16.2,20,26.4,15.2,20.8,90,0
8-1-2016,17.2,660.3,21.3,499.1,16.1,18.7,25.2,15.2,20.2,95,1
8-2-2016,1,660.3,21.3,499.1,16.1,18.7,25.2,15.2,20.2,95,1
8-3-2016,0,660.3,21.3,499.1,16.1,18.7,25.2,15.2,20.2,95,1
8-4-2016,1.7,660.3,21.3,499.1,16.1,18.7,25.2,15.2,20.2,95,0
8-5-2016,7.8,660.3,21.3,499.1,16.1,18.7,25.2,15.2,20.2,95,0
8-6-2016,8.6,660.3,21.3,499.1,16.1,18.7,25.2,15.2,20.2,95,1
8-7-2016,22.8,660.3,21.3,499.1,16.1,18.7,25.2,15.2,20.2,95,1
8-8-2016,17.2,660.3,21.3,499.1,16.1,18.7,25.2,15.2,20.2,95,1
8-9-2016,33.8,660.3,21.3,499.1,16.1,18.7,25.2,15.2,20.2,95,1
8-10-2016,4.6,660.3,21.3,499.1,16.1,18.7,25.2,15.2,20.2,95,1
8-11-2016,16.2,660.3,21.3,499.1,16.1,18.7,25.2,15.2,20.2,95,1
8-12-2016,28.1,660.3,21.3,499.1,16.1,18.7,25.2,15.2,20.2,95,1
8-13-2016,36.6,660.3,21.3,499.1,16.1,18.7,25.2,15.2,20.2,95,1
8-14-2016,108.2,660.3,21.3,499.1,16.1,18.7,25.2,15.2,20.2,95,1
8-15-2016,108.1,660.3,21.3,499.1,16.1,18.7,25.2,15.2,20.2,95,1
8-16-2016,64.7,660.3,21.3,499.1,16.1,18.7,25.2,15.2,20.2,95,1
8-17-2016,28.2,660.3,21.3,499.1,16.1,18.7,25.2,15.2,20.2,95,0
8-18-2016,5.8,660.3,21.3,499.1,16.1,18.7,25.2,15.2,20.2,95,1
8-19-2016,85.6,660.3,21.3,499.1,16.1,18.7,25.2,15.2,20.2,95,1
8-20-2016,15.5,660.3,21.3,499.1,16.1,18.7,25.2,15.2,20.2,95,1
8-21-2016,16.4,660.3,21.3,499.1,16.1,18.7,25.2,15.2,20.2,95,0
8-22-2016,0,660.3,21.3,499.1,16.1,18.7,25.2,15.2,20.2,95,0
8-23-2016,0,660.3,21.3,499.1,16.1,18.7,25.2,15.2,20.2,95,1
8-24-2016,11.3,660.3,21.3,499.1,16.1,18.7,25.2,15.2,20.2,95,1
8-25-2016,3.2,660.3,21.3,499.1,16.1,18.7,25.2,15.2,20.2,95,1
8-26-2016,20.2,660.3,21.3,499.1,16.1,18.7,25.2,15.2,20.2,95,0
8-27-2016,14.2,660.3,21.3,499.1,16.1,18.7,25.2,15.2,20.2,95,0
8-28-2016,82,660.3,21.3,499.1,16.1,18.7,25.2,15.2,20.2,95,1
8-29-2016,60.8,660.3,21.3,499.1,16.1,18.7,25.2,15.2,20.2,95,0
8-30-2016,49.2,660.3,21.3,499.1,16.1,18.7,25.2,15.2,20.2,95,0
8-31-2016,86.6,660.3,21.3,499.1,16.1,18.7,25.2,15.2,20.2,95,0
9-1-2016,5.4,690,23,480,16,19.5,25.8,15,20.4,91,0
9-2-2016,7,690,23,480,16,19.5,25.8,15,20.4,91,0
9-3-2016,29.2,690,23,480,16,19.5,25.8,15,20.4,91,0
9-4-2016,54.8,690,23,480,16,19.5,25.8,15,20.4,91,1
9-5-2016,34.1,690,23,480,16,19.5,25.8,15,20.4,91,1
9-6-2016,0,690,23,480,16,19.5,25.8,15,20.4,91,0
9-7-2016,1.4,690,23,480,16,19.5,25.8,15,20.4,91,0
9-8-2016,12.5,690,23,480,16,19.5,25.8,15,20.4,91,0
9-9-2016,18.8,690,23,480,16,19.5,25.8,15,20.4,91,0
9-10-2016,6.4,690,23,480,16,19.5,25.8,15,20.4,91,0
9-11-2016,0,690,23,480,16,19.5,25.8,15,20.4,91,0
9-12-2016,13.8,690,23,480,16,19.5,25.8,15,20.4,91,1
9-13-2016,36.4,690,23,480,16,19.5,25.8,15,20.4,91,1
9-14-2016,23.4,690,23,480,16,19.5,25.8,15,20.4,91,0
9-15-2016,5,690,23,480,16,19.5,25.8,15,20.4,91,1
9-16-2016,3.4,690,23,480,16,19.5,25.8,15,20.4,91,1
9-17-2016,13.9,690,23,480,16,19.5,25.8,15,20.4,91,0
9-18-2016,0.6,690,23,480,16,19.5,25.8,15,20.4,91,1
9-19-2016,15.4,690,23,480,16,19.5,25.8,15,20.4,91,1
9-20-2016,36,690,23,480,16,19.5,25.8,15,20.4,91,1
9-21-2016,24.3,690,23,480,16,19.5,25.8,15,20.4,91,0
9-22-2016,2.6,690,23,480,16,19.5,25.8,15,20.4,91,1
9-23-2016,23.9,690,23,480,16,19.5,25.8,15,20.4,91,1
9-24-2016,13.8,690,23,480,16,19.5,25.8,15,20.4,91,1
9-25-2016,3.7,690,23,480,16,19.5,25.8,15,20.4,91,0
9-26-2016,13,690,23,480,16,19.5,25.8,15,20.4,91,0
9-27-2016,8.9,690,23,480,16,19.5,25.8,15,20.4,91,1
9-28-2016,4.4,690,23,480,16,19.5,25.8,15,20.4,91,1
9-29-2016,0,690,23,480,16,19.5,25.8,15,20.4,91,0
9-30-2016,0,690,23,480,16,19.5,25.8,15,20.4,91,0
10-1-2016,3.6,716.1,23.1,489.8,15.8,19.45,27,14.6,20.8,89,0
10-2-2016,2,716.1,23.1,489.8,15.8,19.45,27,14.6,20.8,89,1
10-3-2016,2.6,716.1,23.1,489.8,15.8,19.45,27,14.6,20.8,89,1
10-4-2016,31.6,716.1,23.1,489.8,15.8,19.45,27,14.6,20.8,89,1
10-5-2016,0,716.1,23.1,489.8,15.8,19.45,27,14.6,20.8,89,0
10-6-2016,24.6,716.1,23.1,489.8,15.8,19.45,27,14.6,20.8,89,0
10-7-2016,15.3,716.1,23.1,489.8,15.8,19.45,27,14.6,20.8,89,0
10-8-2016,15.4,716.1,23.1,489.8,15.8,19.45,27,14.6,20.8,89,1
10-9-2016,8.5,716.1,23.1,489.8,15.8,19.45,27,14.6,20.8,89,0
10-10-2016,0,716.1,23.1,489.8,15.8,19.45,27,14.6,20.8,89,0
10-11-2016,16.4,716.1,23.1,489.8,15.8,19.45,27,14.6,20.8,89,0
10-12-2016,0,716.1,23.1,489.8,15.8,19.45,27,14.6,20.8,89,0
10-13-2016,8.4,716.1,23.1,489.8,15.8,19.45,27,14.6,20.8,89,0
10-14-2016,0,716.1,23.1,489.8,15.8,19.45,27,14.6,20.8,89,0
10-15-2016,44.6,716.1,23.1,489.8,15.8,19.45,27,14.6,20.8,89,0
10-16-2016,40,716.1,23.1,489.8,15.8,19.45,27,14.6,20.8,89,0
10-17-2016,3.4,716.1,23.1,489.8,15.8,19.45,27,14.6,20.8,89,0
10-18-2016,0,716.1,23.1,489.8,15.8,19.45,27,14.6,20.8,89,0
10-19-2016,327.8,716.1,23.1,489.8,15.8,19.45,27,14.6,20.8,89,0
10-20-2016,38.4,716.1,23.1,489.8,15.8,19.45,27,14.6,20.8,89,1
10-21-2016,0,716.1,23.1,489.8,15.8,19.45,27,14.6,20.8,89,0
10-22-2016,0.4,716.1,23.1,489.8,15.8,19.45,27,14.6,20.8,89,0
10-23-2016,0,716.1,23.1,489.8,15.8,19.45,27,14.6,20.8,89,0
10-24-2016,0,716.1,23.1,489.8,15.8,19.45,27,14.6,20.8,89,0
10-25-2016,0,716.1,23.1,489.8,15.8,19.45,27,14.6,20.8,89,0
10-26-2016,0,716.1,23.1,489.8,15.8,19.45,27,14.6,20.8,89,0
10-27-2016,0,716.1,23.1,489.8,15.8,19.45,27,14.6,20.8,89,0
10-28-2016,0,716.1,23.1,489.8,15.8,19.45,27,14.6,20.8,89,0
10-29-2016,0,716.1,23.1,489.8,15.8,19.45,27,14.6,20.8,89,0
10-30-2016,0.2,716.1,23.1,489.8,15.8,19.45,27,14.6,20.8,89,0
10-31-2016,0,716.1,23.1,489.8,15.8,19.45,27,14.6,20.8,89,1
11-1-2016,0,716.1,23.1,489.8,15.8,19.45,27,14.6,20.8,89,0
11-2-2016,1.2,716.1,23.1,489.8,15.8,19.45,27,14.6,20.8,89,0
11-3-2016,0.2,716.1,23.1,489.8,15.8,19.45,27,14.6,20.8,89,0
11-4-2016,0,716.1,23.1,489.8,15.8,19.45,27,14.6,20.8,89,0
11-5-2016,0,716.1,23.1,489.8,15.8,19.45,27,14.6,20.8,89,1
11-6-2016,0,716.1,23.1,489.8,15.8,19.45,27,14.6,20.8,89,0
11-7-2016,2,716.1,23.1,489.8,15.8,19.45,27,14.6,20.8,89,0
11-8-2016,0,716.1,23.1,489.8,15.8,19.45,27,14.6,20.8,89,0
11-9-2016,0,716.1,23.1,489.8,15.8,19.45,27,14.6,20.8,89,0
11-10-2016,0,716.1,23.1,489.8,15.8,19.45,27,14.6,20.8,89,0
11-11-2016,0,716.1,23.1,489.8,15.8,19.45,27,14.6,20.8,89,0
11-12-2016,0,716.1,23.1,489.8,15.8,19.45,27,14.6,20.8,89,0
11-13-2016,0,716.1,23.1,489.8,15.8,19.45,27,14.6,20.8,89,1
11-14-2016,0,716.1,23.1,489.8,15.8,19.45,27,14.6,20.8,89,0
11-15-2016,2.6,716.1,23.1,489.8,15.8,19.45,27,14.6,20.8,89,0
11-16-2016,1.6,716.1,23.1,489.8,15.8,19.45,27,14.6,20.8,89,0
11-17-2016,0,716.1,23.1,489.8,15.8,19.45,27,14.6,20.8,89,0
11-18-2016,0,716.1,23.1,489.8,15.8,19.45,27,14.6,20.8,89,0
11-19-2016,1.2,716.1,23.1,489.8,15.8,19.45,27,14.6,20.8,89,0
11-20-2016,0,716.1,23.1,489.8,15.8,19.45,27,14.6,20.8,89,0
11-21-2016,0,716.1,23.1,489.8,15.8,19.45,27,14.6,20.8,89,0
11-22-2016,0,716.1,23.1,489.8,15.8,19.45,27,14.6,20.8,89,0
11-23-2016,0,716.1,23.1,489.8,15.8,19.45,27,14.6,20.8,89,0
11-24-2016,0,716.1,23.1,489.8,15.8,19.45,27,14.6,20.8,89,0
11-25-2016,5,716.1,23.1,489.8,15.8,19.45,27,14.6,20.8,89,0
11-26-2016,8,716.1,23.1,489.8,15.8,19.45,27,14.6,20.8,89,0
11-27-2016,0.4,716.1,23.1,489.8,15.8,19.45,27,14.6,20.8,89,0
11-28-2016,0,716.1,23.1,489.8,15.8,19.45,27,14.6,20.8,89,0
11-29-2016,1,716.1,23.1,489.8,15.8,19.45,27,14.6,20.8,89,0
11-30-2016,0,716.1,23.1,489.8,15.8,19.45,27,14.6,20.8,89,0
12-1-2016,0,716.1,23.1,489.8,15.8,19.45,27,14.6,20.8,89,0
12-2-2016,0,716.1,23.1,489.8,15.8,19.45,27,14.6,20.8,89,0
12-3-2016,0,716.1,23.1,489.8,15.8,19.45,27,14.6,20.8,89,0
12-4-2016,0,716.1,23.1,489.8,15.8,19.45,27,14.6,20.8,89,0
12-5-2016,0,716.1,23.1,489.8,15.8,19.45,27,14.6,20.8,89,0
12-6-2016,0,716.1,23.1,489.8,15.8,19.45,27,14.6,20.8,89,0
12-7-2016,0.6,716.1,23.1,489.8,15.8,19.45,27,14.6,20.8,89,0
12-8-2016,4.2,716.1,23.1,489.8,15.8,19.45,27,14.6,20.8,89,0
12-9-2016,0,716.1,23.1,489.8,15.8,19.45,27,14.6,20.8,89,0
12-10-2016,4.2,716.1,23.1,489.8,15.8,19.45,27,14.6,20.8,89,0
12-11-2016,13,716.1,23.1,489.8,15.8,19.45,27,14.6,20.8,89,0
12-12-2016,0,716.1,23.1,489.8,15.8,19.45,27,14.6,20.8,89,0
12-13-2016,3.6,716.1,23.1,489.8,15.8,19.45,27,14.6,20.8,89,0
12-14-2016,5,716.1,23.1,489.8,15.8,19.45,27,14.6,20.8,89,0
12-15-2016,0,716.1,23.1,489.8,15.8,19.45,27,14.6,20.8,89,0
12-16-2016,0,716.1,23.1,489.8,15.8,19.45,27,14.6,20.8,89,0
12-17-2016,0,716.1,23.1,489.8,15.8,19.45,27,14.6,20.8,89,0
12-18-2016,0,716.1,23.1,489.8,15.8,19.45,27,14.6,20.8,89,0
12-19-2016,0,716.1,23.1,489.8,15.8,19.45,27,14.6,20.8,89,0
12-20-2016,0,716.1,23.1,489.8,15.8,19.45,27,14.6,20.8,89,0
12-21-2016,0,716.1,23.1,489.8,15.8,19.45,27,14.6,20.8,89,0
12-22-2016,0,716.1,23.1,489.8,15.8,19.45,27,14.6,20.8,89,0
12-23-2016,0,716.1,23.1,489.8,15.8,19.45,27,14.6,20.8,89,0
12-24-2016,0,716.1,23.1,489.8,15.8,19.45,27,14.6,20.8,89,0
12-25-2016,0,716.1,23.1,489.8,15.8,19.45,27,14.6,20.8,89,0
12-26-2016,0,716.1,23.1,489.8,15.8,19.45,27,14.6,20.8,89,0
12-27-2016,0,716.1,23.1,489.8,15.8,19.45,27,14.6,20.8,89,0
12-28-2016,48.4,716.1,23.1,489.8,15.8,19.45,27,14.6,20.8,89,0
12-29-2016,0.8,716.1,23.1,489.8,15.8,19.45,27,14.6,20.8,89,0
12-30-2016,1.4,716.1,23.1,489.8,15.8,19.45,27,14.6,20.8,89,0
12-31-2016,0.8,716.1,23.1,489.8,15.8,19.45,27,14.6,20.8,89,0
1-1-2017,0,700.6,22.6,406.1,13.1,17.85,25,11,18,83,0
1-2-2017,0,700.6,22.6,406.1,13.1,17.85,25,11,18,83,0
1-3-2017,0,700.6,22.6,406.1,13.1,17.85,25,11,18,83,0
1-4-2017,0,700.6,22.6,406.1,13.1,17.85,25,11,18,83,0
1-5-2017,0,700.6,22.6,406.1,13.1,17.85,25,11,18,83,0
1-6-2017,0,700.6,22.6,406.1,13.1,17.85,25,11,18,83,0
1-7-2017,0,700.6,22.6,406.1,13.1,17.85,25,11,18,83,0
1-8-2017,0,700.6,22.6,406.1,13.1,17.85,25,11,18,83,0
1-9-2017,0,700.6,22.6,406.1,13.1,17.85,25,11,18,83,0
1-10-2017,0.6,700.6,22.6,406.1,13.1,17.85,25,11,18,83,0
1-11-2017,1,700.6,22.6,406.1,13.1,17.85,25,11,18,83,0
1-12-2017,0,700.6,22.6,406.1,13.1,17.85,25,11,18,83,0
1-13-2017,4.8,700.6,22.6,406.1,13.1,17.85,25,11,18,83,0
1-14-2017,17.3,700.6,22.6,406.1,13.1,17.85,25,11,18,83,0
1-15-2017,0,700.6,22.6,406.1,13.1,17.85,25,11,18,83,0
1-16-2017,0,700.6,22.6,406.1,13.1,17.85,25,11,18,83,0
1-17-2017,0,700.6,22.6,406.1,13.1,17.85,25,11,18,83,0
1-18-2017,0,700.6,22.6,406.1,13.1,17.85,25,11,18,83,0
1-19-2017,0,700.6,22.6,406.1,13.1,17.85,25,11,18,83,0
1-20-2017,0,700.6,22.6,406.1,13.1,17.85,25,11,18,83,1
1-21-2017,0,700.6,22.6,406.1,13.1,17.85,25,11,18,83,0
1-22-2017,0,700.6,22.6,406.1,13.1,17.85,25,11,18,83,0
1-23-2017,0,700.6,22.6,406.1,13.1,17.85,25,11,18,83,0
1-24-2017,3.6,700.6,22.6,406.1,13.1,17.85,25,11,18,83,0
1-25-2017,10.4,700.6,22.6,406.1,13.1,17.85,25,11,18,83,0
1-26-2017,0.4,700.6,22.6,406.1,13.1,17.85,25,11,18,83,0
1-27-2017,0,700.6,22.6,406.1,13.1,17.85,25,11,18,83,0
1-28-2017,0,700.6,22.6,406.1,13.1,17.85,25,11,18,83,0
1-29-2017,1.8,700.6,22.6,406.1,13.1,17.85,25,11,18,83,0
1-30-2017,0,700.6,22.6,406.1,13.1,17.85,25,11,18,83,0
1-31-2017,0,700.6,22.6,406.1,13.1,17.85,25,11,18,83,0
2-1-2017,38.4,618.8,22.1,358.4,12.8,17.45,25.8,7.3,16.55,86,0
2-2-2017,0,618.8,22.1,358.4,12.8,17.45,25.8,7.3,16.55,86,0
2-3-2017,0.6,618.8,22.1,358.4,12.8,17.45,25.8,7.3,16.55,86,0
2-4-2017,0,618.8,22.1,358.4,12.8,17.45,25.8,7.3,16.55,86,0
2-5-2017,1.9,618.8,22.1,358.4,12.8,17.45,25.8,7.3,16.55,86,0
2-6-2017,3,618.8,22.1,358.4,12.8,17.45,25.8,7.3,16.55,86,0
2-7-2017,0,618.8,22.1,358.4,12.8,17.45,25.8,7.3,16.55,86,0
2-8-2017,0,618.8,22.1,358.4,12.8,17.45,25.8,7.3,16.55,86,0
2-9-2017,0,618.8,22.1,358.4,12.8,17.45,25.8,7.3,16.55,86,0
2-10-2017,0,618.8,22.1,358.4,12.8,17.45,25.8,7.3,16.55,86,0
2-11-2017,0,618.8,22.1,358.4,12.8,17.45,25.8,7.3,16.55,86,1
2-12-2017,0,618.8,22.1,358.4,12.8,17.45,25.8,7.3,16.55,86,0
2-13-2017,0,618.8,22.1,358.4,12.8,17.45,25.8,7.3,16.55,86,0
2-14-2017,0,618.8,22.1,358.4,12.8,17.45,25.8,7.3,16.55,86,0
2-15-2017,0,618.8,22.1,358.4,12.8,17.45,25.8,7.3,16.55,86,0
2-16-2017,0,618.8,22.1,358.4,12.8,17.45,25.8,7.3,16.55,86,0
2-17-2017,0,618.8,22.1,358.4,12.8,17.45,25.8,7.3,16.55,86,0
2-18-2017,3,618.8,22.1,358.4,12.8,17.45,25.8,7.3,16.55,86,0
2-19-2017,0,618.8,22.1,358.4,12.8,17.45,25.8,7.3,16.55,86,0
2-20-2017,21.3,618.8,22.1,358.4,12.8,17.45,25.8,7.3,16.55,86,0
2-21-2017,0,618.8,22.1,358.4,12.8,17.45,25.8,7.3,16.55,86,0
2-22-2017,0,618.8,22.1,358.4,12.8,17.45,25.8,7.3,16.55,86,0
2-23-2017,0,618.8,22.1,358.4,12.8,17.45,25.8,7.3,16.55,86,0
2-24-2017,1.8,618.8,22.1,358.4,12.8,17.45,25.8,7.3,16.55,86,0
2-25-2017,0.5,618.8,22.1,358.4,12.8,17.45,25.8,7.3,16.55,86,0
2-26-2017,0,618.8,22.1,358.4,12.8,17.45,25.8,7.3,16.55,86,0
2-27-2017,0,618.8,22.1,358.4,12.8,17.45,25.8,7.3,16.55,86,0
2-28-2017,1,618.8,22.1,358.4,12.8,17.45,25.8,7.3,16.55,86,0
3-1-2017,0.4,756.4,24.4,455.7,14.7,19.55,27.6,12.2,19.9,83,0
3-2-2017,1.8,756.4,24.4,455.7,14.7,19.55,27.6,12.2,19.9,83,0
3-3-2017,0,756.4,24.4,455.7,14.7,19.55,27.6,12.2,19.9,83,0
3-4-2017,0,756.4,24.4,455.7,14.7,19.55,27.6,12.2,19.9,83,0
3-5-2017,0,756.4,24.4,455.7,14.7,19.55,27.6,12.2,19.9,83,0
3-6-2017,0,756.4,24.4,455.7,14.7,19.55,27.6,12.2,19.9,83,0
3-7-2017,0,756.4,24.4,455.7,14.7,19.55,27.6,12.2,19.9,83,0
3-8-2017,0,756.4,24.4,455.7,14.7,19.55,27.6,12.2,19.9,83,0
3-9-2017,0,756.4,24.4,455.7,14.7,19.55,27.6,12.2,19.9,83,0
3-10-2017,0,756.4,24.4,455.7,14.7,19.55,27.6,12.2,19.9,83,0
3-11-2017,0,756.4,24.4,455.7,14.7,19.55,27.6,12.2,19.9,83,0
3-12-2017,0,756.4,24.4,455.7,14.7,19.55,27.6,12.2,19.9,83,0
3-13-2017,0,756.4,24.4,455.7,14.7,19.55,27.6,12.2,19.9,83,0
3-14-2017,1.4,756.4,24.4,455.7,14.7,19.55,27.6,12.2,19.9,83,0
3-15-2017,0.1,756.4,24.4,455.7,14.7,19.55,27.6,12.2,19.9,83,0
3-16-2017,0,756.4,24.4,455.7,14.7,19.55,27.6,12.2,19.9,83,0
3-17-2017,0,756.4,24.4,455.7,14.7,19.55,27.6,12.2,19.9,83,0
3-18-2017,0,756.4,24.4,455.7,14.7,19.55,27.6,12.2,19.9,83,0
3-19-2017,0,756.4,24.4,455.7,14.7,19.55,27.6,12.2,19.9,83,0
3-20-2017,0,756.4,24.4,455.7,14.7,19.55,27.6,12.2,19.9,83,0
3-21-2017,0.4,756.4,24.4,455.7,14.7,19.55,27.6,12.2,19.9,83,0
3-22-2017,0,756.4,24.4,455.7,14.7,19.55,27.6,12.2,19.9,83,0
3-23-2017,0,756.4,24.4,455.7,14.7,19.55,27.6,12.2,19.9,83,0
3-24-2017,0.4,756.4,24.4,455.7,14.7,19.55,27.6,12.2,19.9,83,0
3-25-2017,0,756.4,24.4,455.7,14.7,19.55,27.6,12.2,19.9,83,0
3-26-2017,0,756.4,24.4,455.7,14.7,19.55,27.6,12.2,19.9,83,0
3-27-2017,0.2,756.4,24.4,455.7,14.7,19.55,27.6,12.2,19.9,83,0
3-28-2017,0,756.4,24.4,455.7,14.7,19.55,27.6,12.2,19.9,83,0
3-29-2017,0,756.4,24.4,455.7,14.7,19.55,27.6,12.2,19.9,83,0
3-30-2017,0,756.4,24.4,455.7,14.7,19.55,27.6,12.2,19.9,83,0
3-31-2017,0,756.4,24.4,455.7,14.7,19.55,27.6,12.2,19.9,83,0
4-1-2017,0,750,25,477,15.9,20.45,26.8,12.2,19.5,85,0
4-2-2017,0.4,750,25,477,15.9,20.45,26.8,12.2,19.5,85,0
4-3-2017,0,750,25,477,15.9,20.45,26.8,12.2,19.5,85,0
4-4-2017,0,750,25,477,15.9,20.45,26.8,12.2,19.5,85,0
4-5-2017,0,750,25,477,15.9,20.45,26.8,12.2,19.5,85,0
4-6-2017,0,750,25,477,15.9,20.45,26.8,12.2,19.5,85,0
4-7-2017,0,750,25,477,15.9,20.45,26.8,12.2,19.5,85,0
4-8-2017,0,750,25,477,15.9,20.45,26.8,12.2,19.5,85,0
4-9-2017,0.4,750,25,477,15.9,20.45,26.8,12.2,19.5,85,0
4-10-2017,0,750,25,477,15.9,20.45,26.8,12.2,19.5,85,0
4-11-2017,0.4,750,25,477,15.9,20.45,26.8,12.2,19.5,85,0
4-12-2017,9.2,750,25,477,15.9,20.45,26.8,12.2,19.5,85,0
4-13-2017,7.2,750,25,477,15.9,20.45,26.8,12.2,19.5,85,0
4-14-2017,0,750,25,477,15.9,20.45,26.8,12.2,19.5,85,0
4-15-2017,0,750,25,477,15.9,20.45,26.8,12.2,19.5,85,0
4-16-2017,0.4,750,25,477,15.9,20.45,26.8,12.2,19.5,85,1
4-17-2017,0,750,25,477,15.9,20.45,26.8,12.2,19.5,85,0
4-18-2017,0,750,25,477,15.9,20.45,26.8,12.2,19.5,85,0
4-19-2017,0,750,25,477,15.9,20.45,26.8,12.2,19.5,85,0
4-20-2017,0,750,25,477,15.9,20.45,26.8,12.2,19.5,85,0
4-21-2017,0,750,25,477,15.9,20.45,26.8,12.2,19.5,85,0
4-22-2017,0,750,25,477,15.9,20.45,26.8,12.2,19.5,85,0
4-23-2017,0,750,25,477,15.9,20.45,26.8,12.2,19.5,85,0
4-24-2017,30.8,750,25,477,15.9,20.45,26.8,12.2,19.5,85,0
4-25-2017,2.9,750,25,477,15.9,20.45,26.8,12.2,19.5,85,0
4-26-2017,9.6,750,25,477,15.9,20.45,26.8,12.2,19.5,85,0
4-27-2017,0,750,25,477,15.9,20.45,26.8,12.2,19.5,85,0
4-28-2017,0,750,25,477,15.9,20.45,26.8,12.2,19.5,85,0
4-29-2017,0,750,25,477,15.9,20.45,26.8,12.2,19.5,85,0
4-30-2017,0,750,25,477,15.9,20.45,26.8,12.2,19.5,85,0
5-1-2017,0.5,762.6,24.6,523.9,16.9,20.75,27.4,16,21.7,90,0
5-2-2017,2.8,762.6,24.6,523.9,16.9,20.75,27.4,16,21.7,90,0
5-3-2017,38.6,762.6,24.6,523.9,16.9,20.75,27.4,16,21.7,90,0
5-4-2017,6,762.6,24.6,523.9,16.9,20.75,27.4,16,21.7,90,0
5-5-2017,12.2,762.6,24.6,523.9,16.9,20.75,27.4,16,21.7,90,0
5-6-2017,12.2,762.6,24.6,523.9,16.9,20.75,27.4,16,21.7,90,0
5-7-2017,0,762.6,24.6,523.9,16.9,20.75,27.4,16,21.7,90,0
5-8-2017,0,762.6,24.6,523.9,16.9,20.75,27.4,16,21.7,90,0
5-9-2017,6.6,762.6,24.6,523.9,16.9,20.75,27.4,16,21.7,90,0
5-10-2017,43.6,762.6,24.6,523.9,16.9,20.75,27.4,16,21.7,90,0
5-11-2017,0,762.6,24.6,523.9,16.9,20.75,27.4,16,21.7,90,1
5-12-2017,0,762.6,24.6,523.9,16.9,20.75,27.4,16,21.7,90,0
5-13-2017,4.4,762.6,24.6,523.9,16.9,20.75,27.4,16,21.7,90,0
5-14-2017,16,762.6,24.6,523.9,16.9,20.75,27.4,16,21.7,90,1
5-15-2017,0,762.6,24.6,523.9,16.9,20.75,27.4,16,21.7,90,0
5-16-2017,15.2,762.6,24.6,523.9,16.9,20.75,27.4,16,21.7,90,0
5-17-2017,4.2,762.6,24.6,523.9,16.9,20.75,27.4,16,21.7,90,0
5-18-2017,50.2,762.6,24.6,523.9,16.9,20.75,27.4,16,21.7,90,0
5-19-2017,0,762.6,24.6,523.9,16.9,20.75,27.4,16,21.7,90,0
5-20-2017,0,762.6,24.6,523.9,16.9,20.75,27.4,16,21.7,90,0
5-21-2017,23.6,762.6,24.6,523.9,16.9,20.75,27.4,16,21.7,90,0
5-22-2017,74,762.6,24.6,523.9,16.9,20.75,27.4,16,21.7,90,1
5-23-2017,0,762.6,24.6,523.9,16.9,20.75,27.4,16,21.7,90,0
5-24-2017,4,762.6,24.6,523.9,16.9,20.75,27.4,16,21.7,90,0
5-25-2017,45,762.6,24.6,523.9,16.9,20.75,27.4,16,21.7,90,0
5-26-2017,32,762.6,24.6,523.9,16.9,20.75,27.4,16,21.7,90,0
5-27-2017,83.4,762.6,24.6,523.9,16.9,20.75,27.4,16,21.7,90,0
5-28-2017,36.8,762.6,24.6,523.9,16.9,20.75,27.4,16,21.7,90,0
5-29-2017,14.6,762.6,24.6,523.9,16.9,20.75,27.4,16,21.7,90,0
5-30-2017,40.6,762.6,24.6,523.9,16.9,20.75,27.4,16,21.7,90,0
5-31-2017,0.4,762.6,24.6,523.9,16.9,20.75,27.4,16,21.7,90,0
6-1-2017,7.4,756,25.2,510,17,21.1,28.4,15.8,22.1,89,0
6-2-2017,22,756,25.2,510,17,21.1,28.4,15.8,22.1,89,0
6-3-2017,18.6,756,25.2,510,17,21.1,28.4,15.8,22.1,89,0
6-4-2017,1.4,756,25.2,510,17,21.1,28.4,15.8,22.1,89,0
6-5-2017,0.4,756,25.2,510,17,21.1,28.4,15.8,22.1,89,0
6-6-2017,0,756,25.2,510,17,21.1,28.4,15.8,22.1,89,0
6-7-2017,0,756,25.2,510,17,21.1,28.4,15.8,22.1,89,1
6-8-2017,0,756,25.2,510,17,21.1,28.4,15.8,22.1,89,0
6-9-2017,3.2,756,25.2,510,17,21.1,28.4,15.8,22.1,89,0
6-10-2017,2.5,756,25.2,510,17,21.1,28.4,15.8,22.1,89,0
6-11-2017,0,756,25.2,510,17,21.1,28.4,15.8,22.1,89,0
6-12-2017,0,756,25.2,510,17,21.1,28.4,15.8,22.1,89,0
6-13-2017,0,756,25.2,510,17,21.1,28.4,15.8,22.1,89,0
6-14-2017,0,756,25.2,510,17,21.1,28.4,15.8,22.1,89,0
6-15-2017,55.2,756,25.2,510,17,21.1,28.4,15.8,22.1,89,0
6-16-2017,0,756,25.2,510,17,21.1,28.4,15.8,22.1,89,1
6-17-2017,0,756,25.2,510,17,21.1,28.4,15.8,22.1,89,0
6-18-2017,0,756,25.2,510,17,21.1,28.4,15.8,22.1,89,0
6-19-2017,14,756,25.2,510,17,21.1,28.4,15.8,22.1,89,0
6-20-2017,0,756,25.2,510,17,21.1,28.4,15.8,22.1,89,0
6-21-2017,0,756,25.2,510,17,21.1,28.4,15.8,22.1,89,1
6-22-2017,9.2,756,25.2,510,17,21.1,28.4,15.8,22.1,89,0
6-23-2017,0,756,25.2,510,17,21.1,28.4,15.8,22.1,89,0
6-24-2017,0,756,25.2,510,17,21.1,28.4,15.8,22.1,89,0
6-25-2017,28.4,756,25.2,510,17,21.1,28.4,15.8,22.1,89,0
6-26-2017,2,756,25.2,510,17,21.1,28.4,15.8,22.1,89,0
6-27-2017,7,756,25.2,510,17,21.1,28.4,15.8,22.1,89,1
6-28-2017,28.6,756,25.2,510,17,21.1,28.4,15.8,22.1,89,0
6-29-2017,8.6,756,25.2,510,17,21.1,28.4,15.8,22.1,89,0
6-30-2017,0,756,25.2,510,17,21.1,28.4,15.8,22.1,89,0
7-1-2017,0,722.3,23.3,511.5,16.5,19.9,26.6,15.6,21.1,90,1
7-2-2017,21,722.3,23.3,511.5,16.5,19.9,26.6,15.6,21.1,90,0
7-3-2017,11.8,722.3,23.3,511.5,16.5,19.9,26.6,15.6,21.1,90,0
7-4-2017,0,722.3,23.3,511.5,16.5,19.9,26.6,15.6,21.1,90,0
7-5-2017,7.6,722.3,23.3,511.5,16.5,19.9,26.6,15.6,21.1,90,0
7-6-2017,3.6,722.3,23.3,511.5,16.5,19.9,26.6,15.6,21.1,90,0
7-7-2017,0,722.3,23.3,511.5,16.5,19.9,26.6,15.6,21.1,90,0
7-8-2017,13.2,722.3,23.3,511.5,16.5,19.9,26.6,15.6,21.1,90,0
7-9-2017,0,722.3,23.3,511.5,16.5,19.9,26.6,15.6,21.1,90,1
7-10-2017,4,722.3,23.3,511.5,16.5,19.9,26.6,15.6,21.1,90,1
7-11-2017,0,722.3,23.3,511.5,16.5,19.9,26.6,15.6,21.1,90,0
7-12-2017,3,722.3,23.3,511.5,16.5,19.9,26.6,15.6,21.1,90,0
7-13-2017,12.2,722.3,23.3,511.5,16.5,19.9,26.6,15.6,21.1,90,0
7-14-2017,0.6,722.3,23.3,511.5,16.5,19.9,26.6,15.6,21.1,90,0
7-15-2017,2.8,722.3,23.3,511.5,16.5,19.9,26.6,15.6,21.1,90,0
7-16-2017,8.6,722.3,23.3,511.5,16.5,19.9,26.6,15.6,21.1,90,0
7-17-2017,0,722.3,23.3,511.5,16.5,19.9,26.6,15.6,21.1,90,0
7-18-2017,0,722.3,23.3,511.5,16.5,19.9,26.6,15.6,21.1,90,0
7-19-2017,0,722.3,23.3,511.5,16.5,19.9,26.6,15.6,21.1,90,0
7-20-2017,0.2,722.3,23.3,511.5,16.5,19.9,26.6,15.6,21.1,90,0
7-21-2017,1.6,722.3,23.3,511.5,16.5,19.9,26.6,15.6,21.1,90,0
7-22-2017,2.8,722.3,23.3,511.5,16.5,19.9,26.6,15.6,21.1,90,0
7-23-2017,1.4,722.3,23.3,511.5,16.5,19.9,26.6,15.6,21.1,90,0
7-24-2017,0.2,722.3,23.3,511.5,16.5,19.9,26.6,15.6,21.1,90,1
7-25-2017,12.6,722.3,23.3,511.5,16.5,19.9,26.6,15.6,21.1,90,0
7-26-2017,15.4,722.3,23.3,511.5,16.5,19.9,26.6,15.6,21.1,90,1
7-27-2017,180.8,722.3,23.3,511.5,16.5,19.9,26.6,15.6,21.1,90,0
7-28-2017,145.2,722.3,23.3,511.5,16.5,19.9,26.6,15.6,21.1,90,1
7-29-2017,132,722.3,23.3,511.5,16.5,19.9,26.6,15.6,21.1,90,0
7-30-2017,110.6,722.3,23.3,511.5,16.5,19.9,26.6,15.6,21.1,90,0
7-31-2017,59.8,722.3,23.3,511.5,16.5,19.9,26.6,15.6,21.1,90,0
8-1-2017,32.6,719.2,23.2,514.6,16.6,19.9,26.2,15,20.6,93,0
8-2-2017,17.8,719.2,23.2,514.6,16.6,19.9,26.2,15,20.6,93,0
8-3-2017,1,719.2,23.2,514.6,16.6,19.9,26.2,15,20.6,93,0
8-4-2017,0,719.2,23.2,514.6,16.6,19.9,26.2,15,20.6,93,0
8-5-2017,34.2,719.2,23.2,514.6,16.6,19.9,26.2,15,20.6,93,0
8-6-2017,2,719.2,23.2,514.6,16.6,19.9,26.2,15,20.6,93,1
8-7-2017,0.6,719.2,23.2,514.6,16.6,19.9,26.2,15,20.6,93,0
8-8-2017,2,719.2,23.2,514.6,16.6,19.9,26.2,15,20.6,93,0
8-9-2017,0,719.2,23.2,514.6,16.6,19.9,26.2,15,20.6,93,0
8-10-2017,0,719.2,23.2,514.6,16.6,19.9,26.2,15,20.6,93,0
8-11-2017,6.2,719.2,23.2,514.6,16.6,19.9,26.2,15,20.6,93,0
8-12-2017,8.4,719.2,23.2,514.6,16.6,19.9,26.2,15,20.6,93,0
8-13-2017,10.2,719.2,23.2,514.6,16.6,19.9,26.2,15,20.6,93,0
8-14-2017,1,719.2,23.2,514.6,16.6,19.9,26.2,15,20.6,93,0
8-15-2017,0,719.2,23.2,514.6,16.6,19.9,26.2,15,20.6,93,0
8-16-2017,8.8,719.2,23.2,514.6,16.6,19.9,26.2,15,20.6,93,0
8-17-2017,0,719.2,23.2,514.6,16.6,19.9,26.2,15,20.6,93,0
8-18-2017,21.2,719.2,23.2,514.6,16.6,19.9,26.2,15,20.6,93,1
8-19-2017,15,719.2,23.2,514.6,16.6,19.9,26.2,15,20.6,93,0
8-20-2017,1.8,719.2,23.2,514.6,16.6,19.9,26.2,15,20.6,93,1
8-21-2017,17.8,719.2,23.2,514.6,16.6,19.9,26.2,15,20.6,93,0
8-22-2017,47.4,719.2,23.2,514.6,16.6,19.9,26.2,15,20.6,93,0
8-23-2017,5.4,719.2,23.2,514.6,16.6,19.9,26.2,15,20.6,93,0
8-24-2017,57.4,719.2,23.2,514.6,16.6,19.9,26.2,15,20.6,93,0
8-25-2017,35.8,719.2,23.2,514.6,16.6,19.9,26.2,15,20.6,93,0
8-26-2017,2.6,719.2,23.2,514.6,16.6,19.9,26.2,15,20.6,93,0
8-27-2017,1.2,719.2,23.2,514.6,16.6,19.9,26.2,15,20.6,93,1
8-28-2017,4.6,719.2,23.2,514.6,16.6,19.9,26.2,15,20.6,93,0
8-29-2017,1.6,719.2,23.2,514.6,16.6,19.9,26.2,15,20.6,93,0
8-30-2017,51,719.2,23.2,514.6,16.6,19.9,26.2,15,20.6,93,0
8-31-2017,62,719.2,23.2,514.6,16.6,19.9,26.2,15,20.6,93,0
9-1-2017,44.4,705,23.5,501,16.7,20.1,26.5,15,20.75,92,0
9-2-2017,0.5,705,23.5,501,16.7,20.1,26.5,15,20.75,92,0
9-3-2017,0,705,23.5,501,16.7,20.1,26.5,15,20.75,92,0
9-4-2017,4.8,705,23.5,501,16.7,20.1,26.5,15,20.75,92,0
9-5-2017,10.4,705,23.5,501,16.7,20.1,26.5,15,20.75,92,0
9-6-2017,2.2,705,23.5,501,16.7,20.1,26.5,15,20.75,92,0
9-7-2017,0,705,23.5,501,16.7,20.1,26.5,15,20.75,92,0
9-8-2017,0,705,23.5,501,16.7,20.1,26.5,15,20.75,92,0
9-9-2017,0,705,23.5,501,16.7,20.1,26.5,15,20.75,92,0
9-10-2017,13.8,705,23.5,501,16.7,20.1,26.5,15,20.75,92,0
9-11-2017,0,705,23.5,501,16.7,20.1,26.5,15,20.75,92,0
9-12-2017,7.8,705,23.5,501,16.7,20.1,26.5,15,20.75,92,0
9-13-2017,4,705,23.5,501,16.7,20.1,26.5,15,20.75,92,0
9-14-2017,0,705,23.5,501,16.7,20.1,26.5,15,20.75,92,0
9-15-2017,1.2,705,23.5,501,16.7,20.1,26.5,15,20.75,92,0
9-16-2017,0,705,23.5,501,16.7,20.1,26.5,15,20.75,92,0
9-17-2017,2,705,23.5,501,16.7,20.1,26.5,15,20.75,92,0
9-18-2017,0,705,23.5,501,16.7,20.1,26.5,15,20.75,92,0
9-19-2017,35.2,705,23.5,501,16.7,20.1,26.5,15,20.75,92,0
9-20-2017,9.2,705,23.5,501,16.7,20.1,26.5,15,20.75,92,1
9-21-2017,6,705,23.5,501,16.7,20.1,26.5,15,20.75,92,0
9-22-2017,9.4,705,23.5,501,16.7,20.1,26.5,15,20.75,92,0
9-23-2017,17,705,23.5,501,16.7,20.1,26.5,15,20.75,92,0
9-24-2017,0,705,23.5,501,16.7,20.1,26.5,15,20.75,92,1
9-25-2017,1.2,705,23.5,501,16.7,20.1,26.5,15,20.75,92,0
9-26-2017,0.4,705,23.5,501,16.7,20.1,26.5,15,20.75,92,0
9-27-2017,0.6,705,23.5,501,16.7,20.1,26.5,15,20.75,92,0
9-28-2017,36.8,705,23.5,501,16.7,20.1,26.5,15,20.75,92,0
9-29-2017,0,705,23.5,501,16.7,20.1,26.5,15,20.75,92,0
9-30-2017,0,705,23.5,501,16.7,20.1,26.5,15,20.75,92,0
10-1-2017,0,719.2,23.2,502.2,16.2,19.7,25.6,14.5,20.05,89,0
10-2-2017,15.4,719.2,23.2,502.2,16.2,19.7,25.6,14.5,20.05,89,0
10-3-2017,3.6,719.2,23.2,502.2,16.2,19.7,25.6,14.5,20.05,89,0
10-4-2017,8.2,719.2,23.2,502.2,16.2,19.7,25.6,14.5,20.05,89,0
10-5-2017,21.8,719.2,23.2,502.2,16.2,19.7,25.6,14.5,20.05,89,0
10-6-2017,0,719.2,23.2,502.2,16.2,19.7,25.6,14.5,20.05,89,1
10-7-2017,0.2,719.2,23.2,502.2,16.2,19.7,25.6,14.5,20.05,89,1
10-8-2017,0,719.2,23.2,502.2,16.2,19.7,25.6,14.5,20.05,89,0
10-9-2017,35.4,719.2,23.2,502.2,16.2,19.7,25.6,14.5,20.05,89,0
10-10-2017,0.2,719.2,23.2,502.2,16.2,19.7,25.6,14.5,20.05,89,0
10-11-2017,4.2,719.2,23.2,502.2,16.2,19.7,25.6,14.5,20.05,89,0
10-12-2017,21.2,719.2,23.2,502.2,16.2,19.7,25.6,14.5,20.05,89,0
10-13-2017,71.2,719.2,23.2,502.2,16.2,19.7,25.6,14.5,20.05,89,1
10-14-2017,35,719.2,23.2,502.2,16.2,19.7,25.6,14.5,20.05,89,0
10-15-2017,0.6,719.2,23.2,502.2,16.2,19.7,25.6,14.5,20.05,89,0
10-16-2017,1.2,719.2,23.2,502.2,16.2,19.7,25.6,14.5,20.05,89,0
10-17-2017,0,719.2,23.2,502.2,16.2,19.7,25.6,14.5,20.05,89,0
10-18-2017,0,719.2,23.2,502.2,16.2,19.7,25.6,14.5,20.05,89,0
10-19-2017,0,719.2,23.2,502.2,16.2,19.7,25.6,14.5,20.05,89,1
10-20-2017,0,719.2,23.2,502.2,16.2,19.7,25.6,14.5,20.05,89,0
10-21-2017,0,719.2,23.2,502.2,16.2,19.7,25.6,14.5,20.05,89,1
10-22-2017,0,719.2,23.2,502.2,16.2,19.7,25.6,14.5,20.05,89,0
10-23-2017,0,719.2,23.2,502.2,16.2,19.7,25.6,14.5,20.05,89,0
10-24-2017,0,719.2,23.2,502.2,16.2,19.7,25.6,14.5,20.05,89,0
10-25-2017,11.6,719.2,23.2,502.2,16.2,19.7,25.6,14.5,20.05,89,0
10-26-2017,0,719.2,23.2,502.2,16.2,19.7,25.6,14.5,20.05,89,0
10-27-2017,0,719.2,23.2,502.2,16.2,19.7,25.6,14.5,20.05,89,1
10-28-2017,0,719.2,23.2,502.2,16.2,19.7,25.6,14.5,20.05,89,1
10-29-2017,0,719.2,23.2,502.2,16.2,19.7,25.6,14.5,20.05,89,0
10-30-2017,0,719.2,23.2,502.2,16.2,19.7,25.6,14.5,20.05,89,1
10-31-2017,0.2,719.2,23.2,502.2,16.2,19.7,25.6,14.5,20.05,89,0
11-1-2017,5.2,717,23.9,483,16.1,20,26.8,14.5,20.65,86,0
11-2-2017,9.2,717,23.9,483,16.1,20,26.8,14.5,20.65,86,0
11-3-2017,0,717,23.9,483,16.1,20,26.8,14.5,20.65,86,0
11-4-2017,1.2,717,23.9,483,16.1,20,26.8,14.5,20.65,86,1
11-5-2017,18,717,23.9,483,16.1,20,26.8,14.5,20.65,86,0
11-6-2017,0,717,23.9,483,16.1,20,26.8,14.5,20.65,86,0
11-7-2017,0,717,23.9,483,16.1,20,26.8,14.5,20.65,86,0
11-8-2017,0,717,23.9,483,16.1,20,26.8,14.5,20.65,86,0
11-9-2017,31,717,23.9,483,16.1,20,26.8,14.5,20.65,86,0
11-10-2017,2.8,717,23.9,483,16.1,20,26.8,14.5,20.65,86,0
11-11-2017,0,717,23.9,483,16.1,20,26.8,14.5,20.65,86,0
11-12-2017,0,717,23.9,483,16.1,20,26.8,14.5,20.65,86,0
11-13-2017,0,717,23.9,483,16.1,20,26.8,14.5,20.65,86,0
11-14-2017,0,717,23.9,483,16.1,20,26.8,14.5,20.65,86,0
11-15-2017,4.8,717,23.9,483,16.1,20,26.8,14.5,20.65,86,0
11-16-2017,0,717,23.9,483,16.1,20,26.8,14.5,20.65,86,0
11-17-2017,0,717,23.9,483,16.1,20,26.8,14.5,20.65,86,0
11-18-2017,2.8,717,23.9,483,16.1,20,26.8,14.5,20.65,86,0
11-19-2017,0,717,23.9,483,16.1,20,26.8,14.5,20.65,86,0
11-20-2017,32,717,23.9,483,16.1,20,26.8,14.5,20.65,86,0
11-21-2017,12.4,717,23.9,483,16.1,20,26.8,14.5,20.65,86,0
11-22-2017,0.6,717,23.9,483,16.1,20,26.8,14.5,20.65,86,0
11-23-2017,0,717,23.9,483,16.1,20,26.8,14.5,20.65,86,0
11-24-2017,0,717,23.9,483,16.1,20,26.8,14.5,20.65,86,0
11-25-2017,0,717,23.9,483,16.1,20,26.8,14.5,20.65,86,0
11-26-2017,0,717,23.9,483,16.1,20,26.8,14.5,20.65,86,0
11-27-2017,0,717,23.9,483,16.1,20,26.8,14.5,20.65,86,0
11-28-2017,0,717,23.9,483,16.1,20,26.8,14.5,20.65,86,0
11-29-2017,0,717,23.9,483,16.1,20,26.8,14.5,20.65,86,0
11-30-2017,0,717,23.9,483,16.1,20,26.8,14.5,20.65,86,0
12-1-2017,0.8,728.5,23.5,458.8,14.8,19.15,25.8,11.5,18.65,86,0
12-2-2017,0,728.5,23.5,458.8,14.8,19.15,25.8,11.5,18.65,86,0
12-3-2017,0,728.5,23.5,458.8,14.8,19.15,25.8,11.5,18.65,86,0
12-4-2017,0,728.5,23.5,458.8,14.8,19.15,25.8,11.5,18.65,86,0
12-5-2017,0.6,728.5,23.5,458.8,14.8,19.15,25.8,11.5,18.65,86,0
12-6-2017,0,728.5,23.5,458.8,14.8,19.15,25.8,11.5,18.65,86,1
12-7-2017,0,728.5,23.5,458.8,14.8,19.15,25.8,11.5,18.65,86,0
12-8-2017,0,728.5,23.5,458.8,14.8,19.15,25.8,11.5,18.65,86,0
12-9-2017,0,728.5,23.5,458.8,14.8,19.15,25.8,11.5,18.65,86,0
12-10-2017,0,728.5,23.5,458.8,14.8,19.15,25.8,11.5,18.65,86,0
12-11-2017,0,728.5,23.5,458.8,14.8,19.15,25.8,11.5,18.65,86,0
12-12-2017,15.6,728.5,23.5,458.8,14.8,19.15,25.8,11.5,18.65,86,0
12-13-2017,0,728.5,23.5,458.8,14.8,19.15,25.8,11.5,18.65,86,0
12-14-2017,0.4,728.5,23.5,458.8,14.8,19.15,25.8,11.5,18.65,86,0
12-15-2017,0,728.5,23.5,458.8,14.8,19.15,25.8,11.5,18.65,86,0
12-16-2017,0,728.5,23.5,458.8,14.8,19.15,25.8,11.5,18.65,86,0
12-17-2017,0,728.5,23.5,458.8,14.8,19.15,25.8,11.5,18.65,86,0
12-18-2017,4.8,728.5,23.5,458.8,14.8,19.15,25.8,11.5,18.65,86,0
12-19-2017,6.2,728.5,23.5,458.8,14.8,19.15,25.8,11.5,18.65,86,0
12-20-2017,0,728.5,23.5,458.8,14.8,19.15,25.8,11.5,18.65,86,0
12-21-2017,0,728.5,23.5,458.8,14.8,19.15,25.8,11.5,18.65,86,0
12-22-2017,0,728.5,23.5,458.8,14.8,19.15,25.8,11.5,18.65,86,0
12-23-2017,0,728.5,23.5,458.8,14.8,19.15,25.8,11.5,18.65,86,0
12-24-2017,0,728.5,23.5,458.8,14.8,19.15,25.8,11.5,18.65,86,0
12-25-2017,0,728.5,23.5,458.8,14.8,19.15,25.8,11.5,18.65,86,0
12-26-2017,0,728.5,23.5,458.8,14.8,19.15,25.8,11.5,18.65,86,0
12-27-2017,0,728.5,23.5,458.8,14.8,19.15,25.8,11.5,18.65,86,0
12-28-2017,0,728.5,23.5,458.8,14.8,19.15,25.8,11.5,18.65,86,0
12-29-2017,0,728.5,23.5,458.8,14.8,19.15,25.8,11.5,18.65,86,0
12-30-2017,0,728.5,23.5,458.8,14.8,19.15,25.8,11.5,18.65,86,0
12-31-2017,0,728.5,23.5,458.8,14.8,19.15,25.8,11.5,18.65,86,0
1-1-2018,0,722.3,23.3,461.9,14.9,19.1,26.2,11.4,18.8,82,0
1-2-2018,0,722.3,23.3,461.9,14.9,19.1,26.2,11.4,18.8,82,0
1-3-2018,0,722.3,23.3,461.9,14.9,19.1,26.2,11.4,18.8,82,0
1-4-2018,0,722.3,23.3,461.9,14.9,19.1,26.2,11.4,18.8,82,0
1-5-2018,2.2,722.3,23.3,461.9,14.9,19.1,26.2,11.4,18.8,82,0
1-6-2018,0,722.3,23.3,461.9,14.9,19.1,26.2,11.4,18.8,82,0
1-7-2018,0,722.3,23.3,461.9,14.9,19.1,26.2,11.4,18.8,82,0
1-8-2018,0,722.3,23.3,461.9,14.9,19.1,26.2,11.4,18.8,82,0
1-9-2018,0,722.3,23.3,461.9,14.9,19.1,26.2,11.4,18.8,82,0
1-10-2018,0,722.3,23.3,461.9,14.9,19.1,26.2,11.4,18.8,82,0
1-11-2018,0.2,722.3,23.3,461.9,14.9,19.1,26.2,11.4,18.8,82,0
1-12-2018,0,722.3,23.3,461.9,14.9,19.1,26.2,11.4,18.8,82,0
1-13-2018,0,722.3,23.3,461.9,14.9,19.1,26.2,11.4,18.8,82,0
1-14-2018,0,722.3,23.3,461.9,14.9,19.1,26.2,11.4,18.8,82,0
1-15-2018,0,722.3,23.3,461.9,14.9,19.1,26.2,11.4,18.8,82,0
1-16-2018,0,722.3,23.3,461.9,14.9,19.1,26.2,11.4,18.8,82,0
1-17-2018,1.4,722.3,23.3,461.9,14.9,19.1,26.2,11.4,18.8,82,1
1-18-2018,0,722.3,23.3,461.9,14.9,19.1,26.2,11.4,18.8,82,0
1-19-2018,0,722.3,23.3,461.9,14.9,19.1,26.2,11.4,18.8,82,0
1-20-2018,0,722.3,23.3,461.9,14.9,19.1,26.2,11.4,18.8,82,0
1-21-2018,0,722.3,23.3,461.9,14.9,19.1,26.2,11.4,18.8,82,0
1-22-2018,0,722.3,23.3,461.9,14.9,19.1,26.2,11.4,18.8,82,0
1-23-2018,0,722.3,23.3,461.9,14.9,19.1,26.2,11.4,18.8,82,1
1-24-2018,0,722.3,23.3,461.9,14.9,19.1,26.2,11.4,18.8,82,0
1-25-2018,0,722.3,23.3,461.9,14.9,19.1,26.2,11.4,18.8,82,0
1-26-2018,0,722.3,23.3,461.9,14.9,19.1,26.2,11.4,18.8,82,0
1-27-2018,0.2,722.3,23.3,461.9,14.9,19.1,26.2,11.4,18.8,82,0
1-28-2018,11.2,722.3,23.3,461.9,14.9,19.1,26.2,11.4,18.8,82,0
1-29-2018,0,722.3,23.3,461.9,14.9,19.1,26.2,11.4,18.8,82,0
1-30-2018,0,722.3,23.3,461.9,14.9,19.1,26.2,11.4,18.8,82,0
1-31-2018,0,722.3,23.3,461.9,14.9,19.1,26.2,11.4,18.8,82,0
2-1-2018,0,677.6,24.2,400.4,14.3,19.25,27.2,12,19.6,83,0
2-2-2018,0,677.6,24.2,400.4,14.3,19.25,27.2,12,19.6,83,0
2-3-2018,0,677.6,24.2,400.4,14.3,19.25,27.2,12,19.6,83,0
2-4-2018,0,677.6,24.2,400.4,14.3,19.25,27.2,12,19.6,83,0
2-5-2018,0,677.6,24.2,400.4,14.3,19.25,27.2,12,19.6,83,0
2-6-2018,0,677.6,24.2,400.4,14.3,19.25,27.2,12,19.6,83,0
2-7-2018,1.2,677.6,24.2,400.4,14.3,19.25,27.2,12,19.6,83,1
2-8-2018,0,677.6,24.2,400.4,14.3,19.25,27.2,12,19.6,83,0
2-9-2018,0,677.6,24.2,400.4,14.3,19.25,27.2,12,19.6,83,1
2-10-2018,0,677.6,24.2,400.4,14.3,19.25,27.2,12,19.6,83,0
2-11-2018,0,677.6,24.2,400.4,14.3,19.25,27.2,12,19.6,83,0
2-12-2018,0,677.6,24.2,400.4,14.3,19.25,27.2,12,19.6,83,0
2-13-2018,0,677.6,24.2,400.4,14.3,19.25,27.2,12,19.6,83,0
2-14-2018,0,677.6,24.2,400.4,14.3,19.25,27.2,12,19.6,83,0
2-15-2018,0,677.6,24.2,400.4,14.3,19.25,27.2,12,19.6,83,0
2-16-2018,0,677.6,24.2,400.4,14.3,19.25,27.2,12,19.6,83,0
2-17-2018,0,677.6,24.2,400.4,14.3,19.25,27.2,12,19.6,83,0
2-18-2018,0,677.6,24.2,400.4,14.3,19.25,27.2,12,19.6,83,0
2-19-2018,0,677.6,24.2,400.4,14.3,19.25,27.2,12,19.6,83,0
2-20-2018,0,677.6,24.2,400.4,14.3,19.25,27.2,12,19.6,83,0
2-21-2018,0,677.6,24.2,400.4,14.3,19.25,27.2,12,19.6,83,0
2-22-2018,0,677.6,24.2,400.4,14.3,19.25,27.2,12,19.6,83,0
2-23-2018,0,677.6,24.2,400.4,14.3,19.25,27.2,12,19.6,83,0
2-24-2018,0,677.6,24.2,400.4,14.3,19.25,27.2,12,19.6,83,0
2-25-2018,0,677.6,24.2,400.4,14.3,19.25,27.2,12,19.6,83,0
2-26-2018,0,677.6,24.2,400.4,14.3,19.25,27.2,12,19.6,83,0
2-27-2018,0,677.6,24.2,400.4,14.3,19.25,27.2,12,19.6,83,0
2-28-2018,0,677.6,24.2,400.4,14.3,19.25,27.2,12,19.6,83,1
3-1-2018,1.4,756.4,24.4,427.8,13.8,19.1,27.2,11.2,19.2,81,0
3-2-2018,0,756.4,24.4,427.8,13.8,19.1,27.2,11.2,19.2,81,0
3-3-2018,0,756.4,24.4,427.8,13.8,19.1,27.2,11.2,19.2,81,0
3-4-2018,0,756.4,24.4,427.8,13.8,19.1,27.2,11.2,19.2,81,0
3-5-2018,0,756.4,24.4,427.8,13.8,19.1,27.2,11.2,19.2,81,1
3-6-2018,0,756.4,24.4,427.8,13.8,19.1,27.2,11.2,19.2,81,0
3-7-2018,0.8,756.4,24.4,427.8,13.8,19.1,27.2,11.2,19.2,81,0
3-8-2018,0,756.4,24.4,427.8,13.8,19.1,27.2,11.2,19.2,81,0
3-9-2018,0,756.4,24.4,427.8,13.8,19.1,27.2,11.2,19.2,81,0
3-10-2018,0,756.4,24.4,427.8,13.8,19.1,27.2,11.2,19.2,81,0
3-11-2018,0,756.4,24.4,427.8,13.8,19.1,27.2,11.2,19.2,81,0
3-12-2018,0,756.4,24.4,427.8,13.8,19.1,27.2,11.2,19.2,81,0
3-13-2018,0,756.4,24.4,427.8,13.8,19.1,27.2,11.2,19.2,81,0
3-14-2018,0,756.4,24.4,427.8,13.8,19.1,27.2,11.2,19.2,81,0
3-15-2018,0,756.4,24.4,427.8,13.8,19.1,27.2,11.2,19.2,81,0
3-16-2018,0,756.4,24.4,427.8,13.8,19.1,27.2,11.2,19.2,81,0
3-17-2018,0,756.4,24.4,427.8,13.8,19.1,27.2,11.2,19.2,81,0
3-18-2018,0,756.4,24.4,427.8,13.8,19.1,27.2,11.2,19.2,81,0
3-19-2018,0,756.4,24.4,427.8,13.8,19.1,27.2,11.2,19.2,81,0
3-20-2018,0,756.4,24.4,427.8,13.8,19.1,27.2,11.2,19.2,81,0
3-21-2018,0,756.4,24.4,427.8,13.8,19.1,27.2,11.2,19.2,81,0
3-22-2018,0,756.4,24.4,427.8,13.8,19.1,27.2,11.2,19.2,81,0
3-23-2018,0,756.4,24.4,427.8,13.8,19.1,27.2,11.2,19.2,81,0
3-24-2018,0,756.4,24.4,427.8,13.8,19.1,27.2,11.2,19.2,81,0
3-25-2018,0,756.4,24.4,427.8,13.8,19.1,27.2,11.2,19.2,81,0
3-26-2018,0,756.4,24.4,427.8,13.8,19.1,27.2,11.2,19.2,81,0
3-27-2018,0,756.4,24.4,427.8,13.8,19.1,27.2,11.2,19.2,81,0
3-28-2018,0,756.4,24.4,427.8,13.8,19.1,27.2,11.2,19.2,81,0
3-29-2018,0,756.4,24.4,427.8,13.8,19.1,27.2,11.2,19.2,81,0
3-30-2018,3.5,756.4,24.4,427.8,13.8,19.1,27.2,11.2,19.2,81,0
3-31-2018,0,756.4,24.4,427.8,13.8,19.1,27.2,11.2,19.2,81,0
4-1-2018,2.8,729,24.3,477,15.9,20.1,27.4,13.6,20.5,87,0
4-2-2018,10.6,729,24.3,477,15.9,20.1,27.4,13.6,20.5,87,0
4-3-2018,2.6,729,24.3,477,15.9,20.1,27.4,13.6,20.5,87,0
4-4-2018,19.4,729,24.3,477,15.9,20.1,27.4,13.6,20.5,87,0
4-5-2018,0,729,24.3,477,15.9,20.1,27.4,13.6,20.5,87,0
4-6-2018,12.4,729,24.3,477,15.9,20.1,27.4,13.6,20.5,87,0
4-7-2018,0,729,24.3,477,15.9,20.1,27.4,13.6,20.5,87,0
4-8-2018,0,729,24.3,477,15.9,20.1,27.4,13.6,20.5,87,0
4-9-2018,0,729,24.3,477,15.9,20.1,27.4,13.6,20.5,87,0
4-10-2018,14.4,729,24.3,477,15.9,20.1,27.4,13.6,20.5,87,0
4-11-2018,0,729,24.3,477,15.9,20.1,27.4,13.6,20.5,87,0
4-12-2018,1.8,729,24.3,477,15.9,20.1,27.4,13.6,20.5,87,0
4-13-2018,0,729,24.3,477,15.9,20.1,27.4,13.6,20.5,87,0
4-14-2018,14.4,729,24.3,477,15.9,20.1,27.4,13.6,20.5,87,0
4-15-2018,37.8,729,24.3,477,15.9,20.1,27.4,13.6,20.5,87,0
4-16-2018,0,729,24.3,477,15.9,20.1,27.4,13.6,20.5,87,0
4-17-2018,17.6,729,24.3,477,15.9,20.1,27.4,13.6,20.5,87,0
4-18-2018,0,729,24.3,477,15.9,20.1,27.4,13.6,20.5,87,0
4-19-2018,0,729,24.3,477,15.9,20.1,27.4,13.6,20.5,87,0
4-20-2018,0,729,24.3,477,15.9,20.1,27.4,13.6,20.5,87,0
4-21-2018,0,729,24.3,477,15.9,20.1,27.4,13.6,20.5,87,0
4-22-2018,5.2,729,24.3,477,15.9,20.1,27.4,13.6,20.5,87,0
4-23-2018,7.2,729,24.3,477,15.9,20.1,27.4,13.6,20.5,87,0
4-24-2018,6.4,729,24.3,477,15.9,20.1,27.4,13.6,20.5,87,0
4-25-2018,12.2,729,24.3,477,15.9,20.1,27.4,13.6,20.5,87,0
4-26-2018,4.8,729,24.3,477,15.9,20.1,27.4,13.6,20.5,87,0
4-27-2018,0,729,24.3,477,15.9,20.1,27.4,13.6,20.5,87,0
4-28-2018,0,729,24.3,477,15.9,20.1,27.4,13.6,20.5,87,0
4-29-2018,2.6,729,24.3,477,15.9,20.1,27.4,13.6,20.5,87,0
4-30-2018,13.8,729,24.3,477,15.9,20.1,27.4,13.6,20.5,87,0
5-1-2018,12.4,771.9,24.9,523.9,16.9,20.9,26.6,15.8,21.2,88,0
5-2-2018,8.4,771.9,24.9,523.9,16.9,20.9,26.6,15.8,21.2,88,0
5-3-2018,0,771.9,24.9,523.9,16.9,20.9,26.6,15.8,21.2,88,0
5-4-2018,0,771.9,24.9,523.9,16.9,20.9,26.6,15.8,21.2,88,0
5-5-2018,0,771.9,24.9,523.9,16.9,20.9,26.6,15.8,21.2,88,0
5-6-2018,0,771.9,24.9,523.9,16.9,20.9,26.6,15.8,21.2,88,0
5-7-2018,19,771.9,24.9,523.9,16.9,20.9,26.6,15.8,21.2,88,0
5-8-2018,4.4,771.9,24.9,523.9,16.9,20.9,26.6,15.8,21.2,88,0
5-9-2018,7.6,771.9,24.9,523.9,16.9,20.9,26.6,15.8,21.2,88,0
5-10-2018,1.8,771.9,24.9,523.9,16.9,20.9,26.6,15.8,21.2,88,0
5-11-2018,2,771.9,24.9,523.9,16.9,20.9,26.6,15.8,21.2,88,1
5-12-2018,15.2,771.9,24.9,523.9,16.9,20.9,26.6,15.8,21.2,88,0
5-13-2018,13.4,771.9,24.9,523.9,16.9,20.9,26.6,15.8,21.2,88,0
5-14-2018,0,771.9,24.9,523.9,16.9,20.9,26.6,15.8,21.2,88,0
5-15-2018,10.8,771.9,24.9,523.9,16.9,20.9,26.6,15.8,21.2,88,0
5-16-2018,8,771.9,24.9,523.9,16.9,20.9,26.6,15.8,21.2,88,0
5-17-2018,21.4,771.9,24.9,523.9,16.9,20.9,26.6,15.8,21.2,88,0
5-18-2018,1.6,771.9,24.9,523.9,16.9,20.9,26.6,15.8,21.2,88,0
5-19-2018,5.4,771.9,24.9,523.9,16.9,20.9,26.6,15.8,21.2,88,0
5-20-2018,4.8,771.9,24.9,523.9,16.9,20.9,26.6,15.8,21.2,88,0
5-21-2018,24.6,771.9,24.9,523.9,16.9,20.9,26.6,15.8,21.2,88,0
5-22-2018,3.8,771.9,24.9,523.9,16.9,20.9,26.6,15.8,21.2,88,0
5-23-2018,34.8,771.9,24.9,523.9,16.9,20.9,26.6,15.8,21.2,88,0
5-24-2018,5.8,771.9,24.9,523.9,16.9,20.9,26.6,15.8,21.2,88,0
5-25-2018,15.6,771.9,24.9,523.9,16.9,20.9,26.6,15.8,21.2,88,0
5-26-2018,28.2,771.9,24.9,523.9,16.9,20.9,26.6,15.8,21.2,88,0
5-27-2018,10.2,771.9,24.9,523.9,16.9,20.9,26.6,15.8,21.2,88,0
5-28-2018,6.6,771.9,24.9,523.9,16.9,20.9,26.6,15.8,21.2,88,0
5-29-2018,12.8,771.9,24.9,523.9,16.9,20.9,26.6,15.8,21.2,88,0
5-30-2018,0,771.9,24.9,523.9,16.9,20.9,26.6,15.8,21.2,88,0
5-31-2018,4.6,771.9,24.9,523.9,16.9,20.9,26.6,15.8,21.2,88,0
6-1-2018,5.2,675,22.5,498,16.6,19.55,26.6,15.5,21.05,93,0
6-2-2018,12.8,675,22.5,498,16.6,19.55,26.6,15.5,21.05,93,0
6-3-2018,0,675,22.5,498,16.6,19.55,26.6,15.5,21.05,93,0
6-4-2018,0,675,22.5,498,16.6,19.55,26.6,15.5,21.05,93,0
6-5-2018,6.6,675,22.5,498,16.6,19.55,26.6,15.5,21.05,93,0
6-6-2018,2.2,675,22.5,498,16.6,19.55,26.6,15.5,21.05,93,0
6-7-2018,7.8,675,22.5,498,16.6,19.55,26.6,15.5,21.05,93,1
6-8-2018,26.8,675,22.5,498,16.6,19.55,26.6,15.5,21.05,93,0
6-9-2018,57.2,675,22.5,498,16.6,19.55,26.6,15.5,21.05,93,0
6-10-2018,19.3,675,22.5,498,16.6,19.55,26.6,15.5,21.05,93,0
6-11-2018,25,675,22.5,498,16.6,19.55,26.6,15.5,21.05,93,0
6-12-2018,14.7,675,22.5,498,16.6,19.55,26.6,15.5,21.05,93,1
6-13-2018,47.4,675,22.5,498,16.6,19.55,26.6,15.5,21.05,93,0
6-14-2018,57,675,22.5,498,16.6,19.55,26.6,15.5,21.05,93,0
6-15-2018,59,675,22.5,498,16.6,19.55,26.6,15.5,21.05,93,0
6-16-2018,14,675,22.5,498,16.6,19.55,26.6,15.5,21.05,93,0
6-17-2018,28,675,22.5,498,16.6,19.55,26.6,15.5,21.05,93,0
6-18-2018,0,675,22.5,498,16.6,19.55,26.6,15.5,21.05,93,0
6-19-2018,1,675,22.5,498,16.6,19.55,26.6,15.5,21.05,93,1
6-20-2018,8.4,675,22.5,498,16.6,19.55,26.6,15.5,21.05,93,0
6-21-2018,12.4,675,22.5,498,16.6,19.55,26.6,15.5,21.05,93,0
6-22-2018,12.2,675,22.5,498,16.6,19.55,26.6,15.5,21.05,93,0
6-23-2018,15.6,675,22.5,498,16.6,19.55,26.6,15.5,21.05,93,0
6-24-2018,0,675,22.5,498,16.6,19.55,26.6,15.5,21.05,93,0
6-25-2018,40,675,22.5,498,16.6,19.55,26.6,15.5,21.05,93,0
6-26-2018,48.4,675,22.5,498,16.6,19.55,26.6,15.5,21.05,93,0
6-27-2018,5.8,675,22.5,498,16.6,19.55,26.6,15.5,21.05,93,0
6-28-2018,0,675,22.5,498,16.6,19.55,26.6,15.5,21.05,93,0
6-29-2018,19.4,675,22.5,498,16.6,19.55,26.6,15.5,21.05,93,0
6-30-2018,6.4,675,22.5,498,16.6,19.55,26.6,15.5,21.05,93,0
7-1-2018,1.2,685.1,22.1,505.3,16.3,19.2,24.2,14.8,19.5,94,0
7-2-2018,0,685.1,22.1,505.3,16.3,19.2,24.2,14.8,19.5,94,0
7-3-2018,0,685.1,22.1,505.3,16.3,19.2,24.2,14.8,19.5,94,0
7-4-2018,21.6,685.1,22.1,505.3,16.3,19.2,24.2,14.8,19.5,94,0
7-5-2018,3,685.1,22.1,505.3,16.3,19.2,24.2,14.8,19.5,94,0
7-6-2018,0,685.1,22.1,505.3,16.3,19.2,24.2,14.8,19.5,94,0
7-7-2018,10.8,685.1,22.1,505.3,16.3,19.2,24.2,14.8,19.5,94,0
7-8-2018,32.6,685.1,22.1,505.3,16.3,19.2,24.2,14.8,19.5,94,0
7-9-2018,8.4,685.1,22.1,505.3,16.3,19.2,24.2,14.8,19.5,94,0
7-10-2018,38.8,685.1,22.1,505.3,16.3,19.2,24.2,14.8,19.5,94,0
7-11-2018,5.4,685.1,22.1,505.3,16.3,19.2,24.2,14.8,19.5,94,0
7-12-2018,9.8,685.1,22.1,505.3,16.3,19.2,24.2,14.8,19.5,94,0
7-13-2018,2.4,685.1,22.1,505.3,16.3,19.2,24.2,14.8,19.5,94,0
7-14-2018,12.8,685.1,22.1,505.3,16.3,19.2,24.2,14.8,19.5,94,0
7-15-2018,11.9,685.1,22.1,505.3,16.3,19.2,24.2,14.8,19.5,94,0
7-16-2018,70.8,685.1,22.1,505.3,16.3,19.2,24.2,14.8,19.5,94,0
7-17-2018,25.2,685.1,22.1,505.3,16.3,19.2,24.2,14.8,19.5,94,0
7-18-2018,132.2,685.1,22.1,505.3,16.3,19.2,24.2,14.8,19.5,94,0
7-19-2018,81.8,685.1,22.1,505.3,16.3,19.2,24.2,14.8,19.5,94,0
7-20-2018,201.6,685.1,22.1,505.3,16.3,19.2,24.2,14.8,19.5,94,1
7-21-2018,137.8,685.1,22.1,505.3,16.3,19.2,24.2,14.8,19.5,94,0
7-22-2018,32.8,685.1,22.1,505.3,16.3,19.2,24.2,14.8,19.5,94,0
7-23-2018,5.4,685.1,22.1,505.3,16.3,19.2,24.2,14.8,19.5,94,0
7-24-2018,21,685.1,22.1,505.3,16.3,19.2,24.2,14.8,19.5,94,0
7-25-2018,36,685.1,22.1,505.3,16.3,19.2,24.2,14.8,19.5,94,0
7-26-2018,29.4,685.1,22.1,505.3,16.3,19.2,24.2,14.8,19.5,94,0
7-27-2018,40.8,685.1,22.1,505.3,16.3,19.2,24.2,14.8,19.5,94,0
7-28-2018,12.4,685.1,22.1,505.3,16.3,19.2,24.2,14.8,19.5,94,1
7-29-2018,0,685.1,22.1,505.3,16.3,19.2,24.2,14.8,19.5,94,0
7-30-2018,0,685.1,22.1,505.3,16.3,19.2,24.2,14.8,19.5,94,1
7-31-2018,16.6,685.1,22.1,505.3,16.3,19.2,24.2,14.8,19.5,94,0
8-1-2018,0,638.6,20.6,505.3,16.3,18.45,25.6,15.4,20.5,96,0
8-2-2018,2.8,638.6,20.6,505.3,16.3,18.45,25.6,15.4,20.5,96,0
8-3-2018,0,638.6,20.6,505.3,16.3,18.45,25.6,15.4,20.5,96,0
8-4-2018,2,638.6,20.6,505.3,16.3,18.45,25.6,15.4,20.5,96,0
8-5-2018,8.4,638.6,20.6,505.3,16.3,18.45,25.6,15.4,20.5,96,0
8-6-2018,9.6,638.6,20.6,505.3,16.3,18.45,25.6,15.4,20.5,96,0
8-7-2018,17.8,638.6,20.6,505.3,16.3,18.45,25.6,15.4,20.5,96,0
8-8-2018,13.6,638.6,20.6,505.3,16.3,18.45,25.6,15.4,20.5,96,0
8-9-2018,14.6,638.6,20.6,505.3,16.3,18.45,25.6,15.4,20.5,96,0
8-10-2018,146.6,638.6,20.6,505.3,16.3,18.45,25.6,15.4,20.5,96,0
8-11-2018,149.1,638.6,20.6,505.3,16.3,18.45,25.6,15.4,20.5,96,0
8-12-2018,275.6,638.6,20.6,505.3,16.3,18.45,25.6,15.4,20.5,96,0
8-13-2018,149.2,638.6,20.6,505.3,16.3,18.45,25.6,15.4,20.5,96,1
8-14-2018,88,638.6,20.6,505.3,16.3,18.45,25.6,15.4,20.5,96,0
8-15-2018,19,638.6,20.6,505.3,16.3,18.45,25.6,15.4,20.5,96,0
8-16-2018,20.2,638.6,20.6,505.3,16.3,18.45,25.6,15.4,20.5,96,0
8-17-2018,19.4,638.6,20.6,505.3,16.3,18.45,25.6,15.4,20.5,96,0
8-18-2018,13.2,638.6,20.6,505.3,16.3,18.45,25.6,15.4,20.5,96,0
8-19-2018,62.6,638.6,20.6,505.3,16.3,18.45,25.6,15.4,20.5,96,0
8-20-2018,74.2,638.6,20.6,505.3,16.3,18.45,25.6,15.4,20.5,96,0
8-21-2018,51.8,638.6,20.6,505.3,16.3,18.45,25.6,15.4,20.5,96,0
8-22-2018,50,638.6,20.6,505.3,16.3,18.45,25.6,15.4,20.5,96,0
8-23-2018,132.6,638.6,20.6,505.3,16.3,18.45,25.6,15.4,20.5,96,0
8-24-2018,216,638.6,20.6,505.3,16.3,18.45,25.6,15.4,20.5,96,0
8-25-2018,115.2,638.6,20.6,505.3,16.3,18.45,25.6,15.4,20.5,96,0
8-26-2018,22.2,638.6,20.6,505.3,16.3,18.45,25.6,15.4,20.5,96,0
8-27-2018,9.8,638.6,20.6,505.3,16.3,18.45,25.6,15.4,20.5,96,0
8-28-2018,24.2,638.6,20.6,505.3,16.3,18.45,25.6,15.4,20.5,96,0
8-29-2018,0,638.6,20.6,505.3,16.3,18.45,25.6,15.4,20.5,96,0
8-30-2018,2.4,638.6,20.6,505.3,16.3,18.45,25.6,15.4,20.5,96,0
8-31-2018,5.4,638.6,20.6,505.3,16.3,18.45,25.6,15.4,20.5,96,0
9-1-2018,11.4,693,23.1,474,15.8,19.45,25.7,14,19.85,92,1
9-2-2018,78.8,693,23.1,474,15.8,19.45,25.7,14,19.85,92,0
9-3-2018,30,693,23.1,474,15.8,19.45,25.7,14,19.85,92,0
9-4-2018,4.6,693,23.1,474,15.8,19.45,25.7,14,19.85,92,0
9-5-2018,22.2,693,23.1,474,15.8,19.45,25.7,14,19.85,92,0
9-6-2018,12,693,23.1,474,15.8,19.45,25.7,14,19.85,92,0
9-7-2018,49.8,693,23.1,474,15.8,19.45,25.7,14,19.85,92,1
9-8-2018,2.2,693,23.1,474,15.8,19.45,25.7,14,19.85,92,0
9-9-2018,3.4,693,23.1,474,15.8,19.45,25.7,14,19.85,92,0
9-10-2018,62.4,693,23.1,474,15.8,19.45,25.7,14,19.85,92,0
9-11-2018,0.6,693,23.1,474,15.8,19.45,25.7,14,19.85,92,0
9-12-2018,40,693,23.1,474,15.8,19.45,25.7,14,19.85,92,0
9-13-2018,5.6,693,23.1,474,15.8,19.45,25.7,14,19.85,92,0
9-14-2018,250.6,693,23.1,474,15.8,19.45,25.7,14,19.85,92,0
9-15-2018,535.6,693,23.1,474,15.8,19.45,25.7,14,19.85,92,0
9-16-2018,4,693,23.1,474,15.8,19.45,25.7,14,19.85,92,0
9-17-2018,0,693,23.1,474,15.8,19.45,25.7,14,19.85,92,0
9-18-2018,0,693,23.1,474,15.8,19.45,25.7,14,19.85,92,0
9-19-2018,2.2,693,23.1,474,15.8,19.45,25.7,14,19.85,92,1
9-20-2018,10.4,693,23.1,474,15.8,19.45,25.7,14,19.85,92,0
9-21-2018,90.6,693,23.1,474,15.8,19.45,25.7,14,19.85,92,1
9-22-2018,1.6,693,23.1,474,15.8,19.45,25.7,14,19.85,92,0
9-23-2018,0,693,23.1,474,15.8,19.45,25.7,14,19.85,92,0
9-24-2018,0,693,23.1,474,15.8,19.45,25.7,14,19.85,92,0
9-25-2018,3,693,23.1,474,15.8,19.45,25.7,14,19.85,92,0
9-26-2018,0,693,23.1,474,15.8,19.45,25.7,14,19.85,92,0
9-27-2018,0,693,23.1,474,15.8,19.45,25.7,14,19.85,92,0
9-28-2018,0,693,23.1,474,15.8,19.45,25.7,14,19.85,92,0
9-29-2018,0,693,23.1,474,15.8,19.45,25.7,14,19.85,92,0
9-30-2018,0,693,23.1,474,15.8,19.45,25.7,14,19.85,92,0
10-1-2018,16.2,731.6,23.6,474.3,15.3,19.45,25.8,13.5,19.65,88,0
10-2-2018,1.2,731.6,23.6,474.3,15.3,19.45,25.8,13.5,19.65,88,1
10-3-2018,0.8,731.6,23.6,474.3,15.3,19.45,25.8,13.5,19.65,88,0
10-4-2018,0,731.6,23.6,474.3,15.3,19.45,25.8,13.5,19.65,88,0
10-5-2018,0,731.6,23.6,474.3,15.3,19.45,25.8,13.5,19.65,88,0
10-6-2018,0,731.6,23.6,474.3,15.3,19.45,25.8,13.5,19.65,88,1
10-7-2018,0.2,731.6,23.6,474.3,15.3,19.45,25.8,13.5,19.65,88,0
10-8-2018,5,731.6,23.6,474.3,15.3,19.45,25.8,13.5,19.65,88,0
10-9-2018,0,731.6,23.6,474.3,15.3,19.45,25.8,13.5,19.65,88,0
10-10-2018,0,731.6,23.6,474.3,15.3,19.45,25.8,13.5,19.65,88,0
10-11-2018,0,731.6,23.6,474.3,15.3,19.45,25.8,13.5,19.65,88,0
10-12-2018,0,731.6,23.6,474.3,15.3,19.45,25.8,13.5,19.65,88,0
10-13-2018,0,731.6,23.6,474.3,15.3,19.45,25.8,13.5,19.65,88,0
10-14-2018,32.7,731.6,23.6,474.3,15.3,19.45,25.8,13.5,19.65,88,1
10-15-2018,19,731.6,23.6,474.3,15.3,19.45,25.8,13.5,19.65,88,0
10-16-2018,0.2,731.6,23.6,474.3,15.3,19.45,25.8,13.5,19.65,88,0
10-17-2018,7.6,731.6,23.6,474.3,15.3,19.45,25.8,13.5,19.65,88,0
10-18-2018,6.8,731.6,23.6,474.3,15.3,19.45,25.8,13.5,19.65,88,0
10-19-2018,0,731.6,23.6,474.3,15.3,19.45,25.8,13.5,19.65,88,0
10-20-2018,0,731.6,23.6,474.3,15.3,19.45,25.8,13.5,19.65,88,0
10-21-2018,1,731.6,23.6,474.3,15.3,19.45,25.8,13.5,19.65,88,0
10-22-2018,0,731.6,23.6,474.3,15.3,19.45,25.8,13.5,19.65,88,0
10-23-2018,0,731.6,23.6,474.3,15.3,19.45,25.8,13.5,19.65,88,0
10-24-2018,0,731.6,23.6,474.3,15.3,19.45,25.8,13.5,19.65,88,0
10-25-2018,0,731.6,23.6,474.3,15.3,19.45,25.8,13.5,19.65,88,0
10-26-2018,0,731.6,23.6,474.3,15.3,19.45,25.8,13.5,19.65,88,0
10-27-2018,0,731.6,23.6,474.3,15.3,19.45,25.8,13.5,19.65,88,0
10-28-2018,0,731.6,23.6,474.3,15.3,19.45,25.8,13.5,19.65,88,0
10-29-2018,0.8,731.6,23.6,474.3,15.3,19.45,25.8,13.5,19.65,88,0
10-30-2018,170.3,731.6,23.6,474.3,15.3,19.45,25.8,13.5,19.65,88,0
10-31-2018,6.8,731.6,23.6,474.3,15.3,19.45,25.8,13.5,19.65,88,0
11-1-2018,0,738,24.6,423,14.1,19.35,26.2,12.2,19.2,81,1
11-2-2018,0,738,24.6,423,14.1,19.35,26.2,12.2,19.2,81,0
11-3-2018,0,738,24.6,423,14.1,19.35,26.2,12.2,19.2,81,0
11-4-2018,0,738,24.6,423,14.1,19.35,26.2,12.2,19.2,81,0
11-5-2018,0,738,24.6,423,14.1,19.35,26.2,12.2,19.2,81,0
11-6-2018,0,738,24.6,423,14.1,19.35,26.2,12.2,19.2,81,0
11-7-2018,0,738,24.6,423,14.1,19.35,26.2,12.2,19.2,81,0
11-8-2018,0,738,24.6,423,14.1,19.35,26.2,12.2,19.2,81,0
11-9-2018,0,738,24.6,423,14.1,19.35,26.2,12.2,19.2,81,0
11-10-2018,0,738,24.6,423,14.1,19.35,26.2,12.2,19.2,81,0
11-11-2018,0,738,24.6,423,14.1,19.35,26.2,12.2,19.2,81,0
11-12-2018,0,738,24.6,423,14.1,19.35,26.2,12.2,19.2,81,0
11-13-2018,0,738,24.6,423,14.1,19.35,26.2,12.2,19.2,81,0
11-14-2018,0,738,24.6,423,14.1,19.35,26.2,12.2,19.2,81,0
11-15-2018,0,738,24.6,423,14.1,19.35,26.2,12.2,19.2,81,0
11-16-2018,0,738,24.6,423,14.1,19.35,26.2,12.2,19.2,81,0
11-17-2018,0,738,24.6,423,14.1,19.35,26.2,12.2,19.2,81,0
11-18-2018,0,738,24.6,423,14.1,19.35,26.2,12.2,19.2,81,1
11-19-2018,0,738,24.6,423,14.1,19.35,26.2,12.2,19.2,81,0
11-20-2018,0,738,24.6,423,14.1,19.35,26.2,12.2,19.2,81,0
11-21-2018,0,738,24.6,423,14.1,19.35,26.2,12.2,19.2,81,0
11-22-2018,0,738,24.6,423,14.1,19.35,26.2,12.2,19.2,81,0
11-23-2018,0,738,24.6,423,14.1,19.35,26.2,12.2,19.2,81,0
11-24-2018,11.8,738,24.6,423,14.1,19.35,26.2,12.2,19.2,81,0
11-25-2018,6,738,24.6,423,14.1,19.35,26.2,12.2,19.2,81,0
11-26-2018,0,738,24.6,423,14.1,19.35,26.2,12.2,19.2,81,0
11-27-2018,0,738,24.6,423,14.1,19.35,26.2,12.2,19.2,81,0
11-28-2018,0,738,24.6,423,14.1,19.35,26.2,12.2,19.2,81,0
11-29-2018,0,738,24.6,423,14.1,19.35,26.2,12.2,19.2,81,0
11-30-2018,0,738,24.6,423,14.1,19.35,26.2,12.2,19.2,81,1
12-1-2018,0,737.8,23.8,437.1,14.1,18.95,27.6,12,19.8,81,0
12-2-2018,0,737.8,23.8,437.1,14.1,18.95,27.6,12,19.8,81,0
12-3-2018,0,737.8,23.8,437.1,14.1,18.95,27.6,12,19.8,81,0
12-4-2018,0,737.8,23.8,437.1,14.1,18.95,27.6,12,19.8,81,0
12-5-2018,0,737.8,23.8,437.1,14.1,18.95,27.6,12,19.8,81,0
12-6-2018,0,737.8,23.8,437.1,14.1,18.95,27.6,12,19.8,81,1
12-7-2018,0,737.8,23.8,437.1,14.1,18.95,27.6,12,19.8,81,0
12-8-2018,0,737.8,23.8,437.1,14.1,18.95,27.6,12,19.8,81,0
12-9-2018,0,737.8,23.8,437.1,14.1,18.95,27.6,12,19.8,81,0
12-10-2018,0,737.8,23.8,437.1,14.1,18.95,27.6,12,19.8,81,0
12-11-2018,0,737.8,23.8,437.1,14.1,18.95,27.6,12,19.8,81,0
12-12-2018,0,737.8,23.8,437.1,14.1,18.95,27.6,12,19.8,81,0
12-13-2018,0,737.8,23.8,437.1,14.1,18.95,27.6,12,19.8,81,0
12-14-2018,0,737.8,23.8,437.1,14.1,18.95,27.6,12,19.8,81,0
12-15-2018,0,737.8,23.8,437.1,14.1,18.95,27.6,12,19.8,81,0
12-16-2018,0,737.8,23.8,437.1,14.1,18.95,27.6,12,19.8,81,0
12-17-2018,0,737.8,23.8,437.1,14.1,18.95,27.6,12,19.8,81,0
12-18-2018,0,737.8,23.8,437.1,14.1,18.95,27.6,12,19.8,81,0
12-19-2018,0,737.8,23.8,437.1,14.1,18.95,27.6,12,19.8,81,0
12-20-2018,0,737.8,23.8,437.1,14.1,18.95,27.6,12,19.8,81,0
12-21-2018,2.2,737.8,23.8,437.1,14.1,18.95,27.6,12,19.8,81,0
12-22-2018,0.4,737.8,23.8,437.1,14.1,18.95,27.6,12,19.8,81,1
12-23-2018,3.2,737.8,23.8,437.1,14.1,18.95,27.6,12,19.8,81,0
12-24-2018,0,737.8,23.8,437.1,14.1,18.95,27.6,12,19.8,81,0
12-25-2018,0,737.8,23.8,437.1,14.1,18.95,27.6,12,19.8,81,0
12-26-2018,0,737.8,23.8,437.1,14.1,18.95,27.6,12,19.8,81,0
12-27-2018,0,737.8,23.8,437.1,14.1,18.95,27.6,12,19.8,81,0
12-28-2018,8.4,737.8,23.8,437.1,14.1,18.95,27.6,12,19.8,81,0
12-29-2018,5.6,737.8,23.8,437.1,14.1,18.95,27.6,12,19.8,81,0
12-30-2018,1,737.8,23.8,437.1,14.1,18.95,27.6,12,19.8,81,0
12-31-2018,2,737.8,23.8,437.1,14.1,18.95,27.6,12,19.8,81,0
